model,scope,group_size,base_qparam_groups,virtual_repeats,total_qparam_groups,qparam_bytes,qparam_kib,median_ms,best_ms,qparam_gib_per_s,qparam_group_reduction_vs_first_group,qparam_byte_reduction_vs_first_group,operator_speedup_vs_first_group
olmoe,all_experts,1,4194304,1,4194304,16777216,16384.000000,0.054270,0.052767,287.911023,1.000000,1.000000,1.000000
olmoe,all_experts,16,262144,1,262144,1048576,1024.000000,0.053813,0.043442,18.147455,16.000000,16.000000,1.008492
olmoe,all_experts,32,131072,1,131072,524288,512.000000,0.054084,0.049373,9.028255,32.000000,32.000000,1.003439
olmoe,all_experts,64,65536,1,65536,262144,256.000000,0.053256,0.052278,4.584256,64.000000,64.000000,1.019040
olmoe,all_experts,128,32768,1,32768,131072,128.000000,0.055966,0.055893,2.181148,128.000000,128.000000,0.969696
olmoe,all_experts,256,16384,1,16384,65536,64.000000,0.053649,0.041970,1.137676,256.000000,256.000000,1.011575
olmoe,all_experts,512,8192,1,8192,32768,32.000000,0.053506,0.052561,0.570361,512.000000,512.000000,1.014279
olmoe,all_experts,1024,4096,1,4096,16384,16.000000,0.053574,0.052160,0.284818,1024.000000,1024.000000,1.012991
olmoe,all_experts,2048,3072,1,3072,12288,12.000000,0.053064,0.051897,0.215666,1365.333333,1365.333333,1.022727
