group_size,mean_operator_speedup_vs_group1,gmean_operator_speedup_vs_group1,mean_qparam_byte_reduction_vs_group1,gmean_qparam_byte_reduction_vs_group1,num_cases
1,1.000000,1.000000,1.000000,1.000000,1
16,1.008492,1.008492,16.000000,16.000000,1
32,1.003439,1.003439,32.000000,32.000000,1
64,1.019040,1.019040,64.000000,64.000000,1
128,0.969696,0.969696,128.000000,128.000000,1
256,1.011575,1.011575,256.000000,256.000000,1
512,1.014279,1.014279,512.000000,512.000000,1
1024,1.012991,1.012991,1024.000000,1024.000000,1
2048,1.022727,1.022727,1365.333333,1365.333333,1
