ose_topk,active_experts,tokens_per_expert,total_tokens,duquant_once_ms,plain_no_ose_ms,ours_ose_w8a8_ms,speedup_over_duquant_once,ours_latency_std_ms
16,1,1,1,1.052243,0.834933,0.943501,1.115254,0.012539
16,1,2,1,1.056397,0.836478,0.933827,1.131256,0.003980
16,1,4,1,1.057148,0.837747,0.943844,1.120045,0.245778
16,1,8,1,1.096103,0.830515,0.946179,1.158452,0.007943
16,1,16,2,1.048732,0.830685,0.934287,1.122494,0.004152
16,1,32,4,1.050272,0.826032,0.932826,1.125903,0.008219
16,8,1,1,1.053463,0.831147,0.941438,1.118993,0.003099
16,8,2,2,1.091288,0.872664,1.085788,1.005065,0.076098
16,8,4,4,1.290864,0.822944,1.071962,1.204207,0.159145
16,8,8,8,1.045536,0.839111,0.938584,1.113950,0.004397
16,8,16,16,1.043230,0.838709,0.951010,1.096971,0.013930
16,8,32,32,1.047187,0.839500,0.936638,1.118027,0.003288
16,16,1,2,1.050130,0.846215,0.937346,1.120323,0.014222
16,16,2,4,1.046400,0.831743,0.953500,1.097431,0.062358
16,16,4,8,1.050186,0.837825,1.303924,0.805404,0.281829
16,16,8,16,1.049506,0.834021,0.937687,1.119250,0.022893
16,16,16,32,1.052638,0.828970,0.936799,1.123654,0.005348
16,16,32,64,1.045954,0.834283,0.940791,1.111781,0.161378
16,64,1,8,1.159281,1.116389,1.120470,1.034638,0.056448
16,64,2,16,1.163866,1.115429,1.114534,1.044262,0.010342
16,64,4,32,1.193732,1.124390,1.146247,1.041426,0.031663
16,64,8,64,1.285801,1.164516,1.170381,1.098617,0.012672
16,64,16,128,1.289164,1.225860,1.294509,0.995871,0.074857
16,64,32,256,1.572113,1.374793,1.470475,1.069119,0.053519
32,1,1,1,1.057036,0.839135,0.952772,1.109432,0.057804
32,1,2,1,1.062983,0.851939,0.954831,1.113268,0.013150
32,1,4,1,1.160641,1.060629,0.951464,1.219848,0.149709
32,1,8,1,1.052964,0.835952,0.939268,1.121047,0.002121
32,1,16,2,1.046416,0.835714,0.931517,1.123346,0.008817
32,1,32,4,1.038474,0.828173,0.942281,1.102085,0.015848
32,8,1,1,1.043061,0.837230,0.942919,1.106204,0.037560
32,8,2,2,1.065742,0.869260,0.942623,1.130613,0.319448
32,8,4,4,1.049215,0.836837,0.933914,1.123460,0.004352
32,8,8,8,1.038858,0.829567,0.935821,1.110103,0.008156
32,8,16,16,1.051337,0.829125,0.939540,1.118991,0.066475
32,8,32,32,1.061770,0.835405,0.939535,1.130102,0.002711
32,16,1,2,1.132778,0.821443,0.954956,1.186210,0.025674
32,16,2,4,1.052692,0.834964,1.294591,0.813146,0.228110
32,16,4,8,1.045363,0.829711,0.948101,1.102586,0.009317
32,16,8,16,1.051370,0.828231,0.935455,1.123913,0.004581
32,16,16,32,1.053249,0.840849,0.932713,1.129232,0.030786
32,16,32,64,1.045831,0.836117,0.945576,1.106025,0.029640
32,64,1,8,1.075538,1.031389,1.153211,0.932646,0.160702
32,64,2,16,1.091818,1.043922,1.225316,0.891050,0.257603
32,64,4,32,1.115500,1.044288,1.062533,1.049850,0.014993
32,64,8,64,1.153481,1.087541,1.250208,0.922631,0.099402
32,64,16,128,1.529455,1.164662,1.171563,1.305483,0.053035
32,64,32,256,1.443144,1.266955,1.470807,0.981192,0.084299
64,1,1,1,1.063691,0.842192,0.949388,1.120397,0.004190
64,1,2,1,1.054180,0.839722,0.941001,1.120275,0.184551
64,1,4,1,1.052731,0.839344,0.949612,1.108591,0.012739
64,1,8,1,1.057738,0.841394,0.949759,1.113691,0.008573
64,1,16,2,1.045616,0.830847,0.945887,1.105434,0.009683
64,1,32,4,1.051943,0.836652,0.942609,1.115991,0.006819
64,8,1,1,1.057127,0.840411,0.954788,1.107185,0.001643
64,8,2,2,1.059229,0.833524,0.946568,1.119021,0.002251
64,8,4,4,1.061842,0.841103,0.949347,1.118497,0.010951
64,8,8,8,1.057794,0.839328,0.936559,1.129447,0.011942
64,8,16,16,1.059717,0.852745,0.949992,1.115501,0.010046
64,8,32,32,1.057756,0.841186,0.954834,1.107790,0.009442
64,16,1,2,1.046209,0.831614,0.945890,1.106058,0.011157
64,16,2,4,1.078342,0.840835,0.935195,1.153066,0.005755
64,16,4,8,1.053301,0.843023,0.952701,1.105595,0.008846
64,16,8,16,1.055507,0.836018,0.948401,1.112933,0.016240
64,16,16,32,1.061958,0.841744,0.973508,1.090857,0.122643
64,16,32,64,1.364025,0.844942,0.953608,1.430383,0.006011
64,64,1,8,1.078835,1.033212,1.051409,1.026085,0.058140
64,64,2,16,1.099070,1.042431,1.052502,1.044245,0.065535
64,64,4,32,1.304496,1.146297,1.081366,1.206341,0.004958
64,64,8,64,1.158734,1.081848,1.141188,1.015375,0.057266
64,64,16,128,1.216362,1.126341,1.198490,1.014912,0.061015
64,64,32,256,1.439606,1.253900,1.385104,1.039349,0.057024
128,1,1,1,1.057617,0.846019,0.970544,1.089716,0.049412
128,1,2,1,1.052822,0.840849,0.952164,1.105715,0.001655
128,1,4,1,1.065934,0.861607,0.955604,1.115456,0.025390
128,1,8,1,1.049329,0.844069,0.947871,1.107038,0.003009
128,1,16,2,1.042174,0.835262,0.944592,1.103306,0.109130
128,1,32,4,1.061140,0.842620,0.960002,1.105352,0.008220
128,8,1,1,1.051956,0.842338,0.964097,1.091131,0.001075
128,8,2,2,1.076632,0.841196,0.952456,1.130375,0.004371
128,8,4,4,1.061654,0.848169,0.957323,1.108982,0.003975
128,8,8,8,1.060022,0.843616,0.944654,1.122127,0.018594
128,8,16,16,1.070568,0.849158,0.951812,1.124768,0.008719
128,8,32,32,1.068876,0.859248,0.949571,1.125641,0.005799
128,16,1,2,1.095410,1.000188,1.130897,0.968620,0.119243
128,16,2,4,1.068596,0.850383,0.947688,1.127582,0.014119
128,16,4,8,1.067367,0.849480,0.980470,1.088628,0.020270
128,16,8,16,1.059216,0.838622,0.942677,1.123626,0.125341
128,16,16,32,1.058355,0.840704,0.953945,1.109451,0.003646
128,16,32,64,1.063187,0.847009,0.955278,1.112961,0.031135
128,64,1,8,1.109123,1.113800,1.162056,0.954449,0.045139
128,64,2,16,1.160275,1.134587,1.169907,0.991767,0.069197
128,64,4,32,1.200355,1.130061,1.249296,0.960825,0.125797
128,64,8,64,1.305287,1.190754,1.263548,1.033033,0.174735
128,64,16,128,1.295419,1.237046,1.303430,0.993854,0.059615
128,64,32,256,1.579567,1.384304,1.575902,1.002326,0.063704
256,1,1,1,1.056103,0.839380,0.944824,1.117777,0.019111
256,1,2,1,1.057565,0.842664,0.939263,1.125952,0.008423
256,1,4,1,1.055824,0.843220,0.948750,1.112858,0.006317
256,1,8,1,1.062424,0.840832,0.950538,1.117708,0.024213
256,1,16,2,1.059133,0.835097,0.942317,1.123967,0.018582
256,1,32,4,1.057061,0.854181,0.942570,1.121467,0.012258
256,8,1,1,1.049850,0.841079,0.948487,1.106868,0.003270
256,8,2,2,1.052451,0.836647,0.948258,1.109878,0.007391
256,8,4,4,1.061767,0.844550,0.941272,1.128013,0.013109
256,8,8,8,1.056343,0.854254,0.943515,1.119583,0.001859
256,8,16,16,1.060062,0.841912,0.948359,1.117786,0.012918
256,8,32,32,1.062090,0.836139,0.950773,1.117081,0.024031
256,16,1,2,1.057057,0.843694,0.952812,1.109408,0.011930
256,16,2,4,1.051121,0.836796,0.936345,1.122579,0.016408
256,16,4,8,1.053317,0.841201,0.948820,1.110134,0.002605
256,16,8,16,1.049706,0.835648,0.942809,1.113381,0.002377
256,16,16,32,1.050422,0.839370,0.936274,1.121917,0.012723
256,16,32,64,1.067865,0.840434,0.965663,1.105836,0.012005
256,64,1,8,1.068678,1.114271,1.197760,0.892230,0.015981
256,64,2,16,1.214954,1.137710,1.203142,1.009818,0.007779
256,64,4,32,1.205021,1.130466,1.256407,0.959101,0.056538
256,64,8,64,1.274804,1.173875,1.352315,0.942683,0.135826
256,64,16,128,1.431713,1.256433,1.459148,0.981198,0.049306
256,64,32,256,1.572815,1.408044,1.696353,0.927174,0.089940
