group_size,topk,metric,tier_quants,tier_fractions,moe_outlier_quant,moe_outlier_score,router_weight_channel_group_size,actual_avg_sum_bits,status,wikitext2,c4,calibration_seconds,duquant_seconds,inference_wikitext2_seconds,inference_c4_seconds,plan_path,output_dir,plan_log,run_log,rank_log
"1","0","route_range","w4g-1-a4g-1,w5g-1-a8g-1,w6g-1-a8g-1","0.234375,0.59375,0.171875","w8a8","smooth_scale","1","12.0","ok","7.0521626472473145","11.29715633392334","487.570527","444.517832","184.962720","338.841960","/home/lwk/HeteroQuant_Repro/experiments/route_range_topk_group_ablation_olmoe_ppl_20260721_233425/group_1/plans/moe_quant_plan_routed_range.json","/home/lwk/HeteroQuant_Repro/experiments/route_range_topk_group_ablation_olmoe_ppl_20260721_233425/group_1/topk_0/output","/home/lwk/HeteroQuant_Repro/experiments/route_range_topk_group_ablation_olmoe_ppl_20260721_233425/group_1/plan.log","/home/lwk/HeteroQuant_Repro/experiments/route_range_topk_group_ablation_olmoe_ppl_20260721_233425/group_1/topk_0/run.log","/home/lwk/HeteroQuant_Repro/experiments/route_range_topk_group_ablation_olmoe_ppl_20260721_233425/group_1/topk_0/output/olmoe_compat_w4a8_Rw8a8/log_rank0_1784648230.txt"
"1","16","route_range","w4g-1-a4g-1,w5g-1-a8g-1,w6g-1-a8g-1","0.234375,0.59375,0.171875","w8a8","smooth_scale","1","12.0","ok","6.950388431549072","11.187944412231445","540.603811","498.079858","260.838152","474.747480","/home/lwk/HeteroQuant_Repro/experiments/route_range_topk_group_ablation_olmoe_ppl_20260721_233425/group_1/plans/moe_quant_plan_routed_range.json","/home/lwk/HeteroQuant_Repro/experiments/route_range_topk_group_ablation_olmoe_ppl_20260721_233425/group_1/topk_16/output","/home/lwk/HeteroQuant_Repro/experiments/route_range_topk_group_ablation_olmoe_ppl_20260721_233425/group_1/plan.log","/home/lwk/HeteroQuant_Repro/experiments/route_range_topk_group_ablation_olmoe_ppl_20260721_233425/group_1/topk_16/run.log","/home/lwk/HeteroQuant_Repro/experiments/route_range_topk_group_ablation_olmoe_ppl_20260721_233425/group_1/topk_16/output/olmoe_compat_w4a8_Rw8a8/log_rank0_1784649258.txt"
"1","32","route_range","w4g-1-a4g-1,w5g-1-a8g-1,w6g-1-a8g-1","0.234375,0.59375,0.171875","w8a8","smooth_scale","1","12.0","ok","6.930393218994141","11.173038482666016","554.158929","504.470313","264.657559","483.790383","/home/lwk/HeteroQuant_Repro/experiments/route_range_topk_group_ablation_olmoe_ppl_20260721_233425/group_1/plans/moe_quant_plan_routed_range.json","/home/lwk/HeteroQuant_Repro/experiments/route_range_topk_group_ablation_olmoe_ppl_20260721_233425/group_1/topk_32/output","/home/lwk/HeteroQuant_Repro/experiments/route_range_topk_group_ablation_olmoe_ppl_20260721_233425/group_1/plan.log","/home/lwk/HeteroQuant_Repro/experiments/route_range_topk_group_ablation_olmoe_ppl_20260721_233425/group_1/topk_32/run.log","/home/lwk/HeteroQuant_Repro/experiments/route_range_topk_group_ablation_olmoe_ppl_20260721_233425/group_1/topk_32/output/olmoe_compat_w4a8_Rw8a8/log_rank0_1784650571.txt"
"1","64","route_range","w4g-1-a4g-1,w5g-1-a8g-1,w6g-1-a8g-1","0.234375,0.59375,0.171875","w8a8","smooth_scale","1","12.0","ok","6.9023637771606445","11.131814002990723","534.733228","492.769253","254.814239","466.420435","/home/lwk/HeteroQuant_Repro/experiments/route_range_topk_group_ablation_olmoe_ppl_20260721_233425/group_1/plans/moe_quant_plan_routed_range.json","/home/lwk/HeteroQuant_Repro/experiments/route_range_topk_group_ablation_olmoe_ppl_20260721_233425/group_1/topk_64/output","/home/lwk/HeteroQuant_Repro/experiments/route_range_topk_group_ablation_olmoe_ppl_20260721_233425/group_1/plan.log","/home/lwk/HeteroQuant_Repro/experiments/route_range_topk_group_ablation_olmoe_ppl_20260721_233425/group_1/topk_64/run.log","/home/lwk/HeteroQuant_Repro/experiments/route_range_topk_group_ablation_olmoe_ppl_20260721_233425/group_1/topk_64/output/olmoe_compat_w4a8_Rw8a8/log_rank0_1784651903.txt"
"1","128","route_range","w4g-1-a4g-1,w5g-1-a8g-1,w6g-1-a8g-1","0.234375,0.59375,0.171875","w8a8","smooth_scale","1","12.0","ok","6.8968281745910645","11.124725341796875","530.448026","489.498897","255.458302","465.079660","/home/lwk/HeteroQuant_Repro/experiments/route_range_topk_group_ablation_olmoe_ppl_20260721_233425/group_1/plans/moe_quant_plan_routed_range.json","/home/lwk/HeteroQuant_Repro/experiments/route_range_topk_group_ablation_olmoe_ppl_20260721_233425/group_1/topk_128/output","/home/lwk/HeteroQuant_Repro/experiments/route_range_topk_group_ablation_olmoe_ppl_20260721_233425/group_1/plan.log","/home/lwk/HeteroQuant_Repro/experiments/route_range_topk_group_ablation_olmoe_ppl_20260721_233425/group_1/topk_128/run.log","/home/lwk/HeteroQuant_Repro/experiments/route_range_topk_group_ablation_olmoe_ppl_20260721_233425/group_1/topk_128/output/olmoe_compat_w4a8_Rw8a8/log_rank0_1784653176.txt"
"1","256","route_range","w4g-1-a4g-1,w5g-1-a8g-1,w6g-1-a8g-1","0.234375,0.59375,0.171875","w8a8","smooth_scale","1","12.0","ok","6.880803108215332","11.115901947021484","538.740687","495.793728","255.876222","466.944264","/home/lwk/HeteroQuant_Repro/experiments/route_range_topk_group_ablation_olmoe_ppl_20260721_233425/group_1/plans/moe_quant_plan_routed_range.json","/home/lwk/HeteroQuant_Repro/experiments/route_range_topk_group_ablation_olmoe_ppl_20260721_233425/group_1/topk_256/output","/home/lwk/HeteroQuant_Repro/experiments/route_range_topk_group_ablation_olmoe_ppl_20260721_233425/group_1/plan.log","/home/lwk/HeteroQuant_Repro/experiments/route_range_topk_group_ablation_olmoe_ppl_20260721_233425/group_1/topk_256/run.log","/home/lwk/HeteroQuant_Repro/experiments/route_range_topk_group_ablation_olmoe_ppl_20260721_233425/group_1/topk_256/output/olmoe_compat_w4a8_Rw8a8/log_rank0_1784654443.txt"
"16","0","route_range","w4g-1-a4g-1,w5g-1-a8g-1,w6g-1-a8g-1","0.234375,0.59375,0.171875","w8a8","smooth_scale","16","12.0","ok","7.099470138549805","11.363631248474121","491.258579","447.296731","185.296586","338.360918","/home/lwk/HeteroQuant_Repro/experiments/route_range_topk_group_ablation_olmoe_ppl_20260721_233425/group_16/plans/moe_quant_plan_routed_range.json","/home/lwk/HeteroQuant_Repro/experiments/route_range_topk_group_ablation_olmoe_ppl_20260721_233425/group_16/topk_0/output","/home/lwk/HeteroQuant_Repro/experiments/route_range_topk_group_ablation_olmoe_ppl_20260721_233425/group_16/plan.log","/home/lwk/HeteroQuant_Repro/experiments/route_range_topk_group_ablation_olmoe_ppl_20260721_233425/group_16/topk_0/run.log","/home/lwk/HeteroQuant_Repro/experiments/route_range_topk_group_ablation_olmoe_ppl_20260721_233425/group_16/topk_0/output/olmoe_compat_w4a8_Rw8a8/log_rank0_1784655823.txt"
"16","16","route_range","w4g-1-a4g-1,w5g-1-a8g-1,w6g-1-a8g-1","0.234375,0.59375,0.171875","w8a8","smooth_scale","16","12.0","ok","6.970780849456787","11.21788215637207","534.602692","492.645244","260.936619","475.000916","/home/lwk/HeteroQuant_Repro/experiments/route_range_topk_group_ablation_olmoe_ppl_20260721_233425/group_16/plans/moe_quant_plan_routed_range.json","/home/lwk/HeteroQuant_Repro/experiments/route_range_topk_group_ablation_olmoe_ppl_20260721_233425/group_16/topk_16/output","/home/lwk/HeteroQuant_Repro/experiments/route_range_topk_group_ablation_olmoe_ppl_20260721_233425/group_16/plan.log","/home/lwk/HeteroQuant_Repro/experiments/route_range_topk_group_ablation_olmoe_ppl_20260721_233425/group_16/topk_16/run.log","/home/lwk/HeteroQuant_Repro/experiments/route_range_topk_group_ablation_olmoe_ppl_20260721_233425/group_16/topk_16/output/olmoe_compat_w4a8_Rw8a8/log_rank0_1784656855.txt"
"16","32","route_range","w4g-1-a4g-1,w5g-1-a8g-1,w6g-1-a8g-1","0.234375,0.59375,0.171875","w8a8","smooth_scale","16","12.0","ok","6.949029922485352","11.190271377563477","532.315218","489.883022","254.619037","463.717563","/home/lwk/HeteroQuant_Repro/experiments/route_range_topk_group_ablation_olmoe_ppl_20260721_233425/group_16/plans/moe_quant_plan_routed_range.json","/home/lwk/HeteroQuant_Repro/experiments/route_range_topk_group_ablation_olmoe_ppl_20260721_233425/group_16/topk_32/output","/home/lwk/HeteroQuant_Repro/experiments/route_range_topk_group_ablation_olmoe_ppl_20260721_233425/group_16/plan.log","/home/lwk/HeteroQuant_Repro/experiments/route_range_topk_group_ablation_olmoe_ppl_20260721_233425/group_16/topk_32/run.log","/home/lwk/HeteroQuant_Repro/experiments/route_range_topk_group_ablation_olmoe_ppl_20260721_233425/group_16/topk_32/output/olmoe_compat_w4a8_Rw8a8/log_rank0_1784658142.txt"
"16","64","route_range","w4g-1-a4g-1,w5g-1-a8g-1,w6g-1-a8g-1","0.234375,0.59375,0.171875","w8a8","smooth_scale","16","12.0","ok","6.920201301574707","11.163069725036621","534.911436","493.650020","255.195065","467.176439","/home/lwk/HeteroQuant_Repro/experiments/route_range_topk_group_ablation_olmoe_ppl_20260721_233425/group_16/plans/moe_quant_plan_routed_range.json","/home/lwk/HeteroQuant_Repro/experiments/route_range_topk_group_ablation_olmoe_ppl_20260721_233425/group_16/topk_64/output","/home/lwk/HeteroQuant_Repro/experiments/route_range_topk_group_ablation_olmoe_ppl_20260721_233425/group_16/plan.log","/home/lwk/HeteroQuant_Repro/experiments/route_range_topk_group_ablation_olmoe_ppl_20260721_233425/group_16/topk_64/run.log","/home/lwk/HeteroQuant_Repro/experiments/route_range_topk_group_ablation_olmoe_ppl_20260721_233425/group_16/topk_64/output/olmoe_compat_w4a8_Rw8a8/log_rank0_1784659410.txt"
"16","128","route_range","w4g-1-a4g-1,w5g-1-a8g-1,w6g-1-a8g-1","0.234375,0.59375,0.171875","w8a8","smooth_scale","16","12.0","ok","6.940214157104492","11.183080673217773","535.609827","493.936645","256.977301","467.461035","/home/lwk/HeteroQuant_Repro/experiments/route_range_topk_group_ablation_olmoe_ppl_20260721_233425/group_16/plans/moe_quant_plan_routed_range.json","/home/lwk/HeteroQuant_Repro/experiments/route_range_topk_group_ablation_olmoe_ppl_20260721_233425/group_16/topk_128/output","/home/lwk/HeteroQuant_Repro/experiments/route_range_topk_group_ablation_olmoe_ppl_20260721_233425/group_16/plan.log","/home/lwk/HeteroQuant_Repro/experiments/route_range_topk_group_ablation_olmoe_ppl_20260721_233425/group_16/topk_128/run.log","/home/lwk/HeteroQuant_Repro/experiments/route_range_topk_group_ablation_olmoe_ppl_20260721_233425/group_16/topk_128/output/olmoe_compat_w4a8_Rw8a8/log_rank0_1784660684.txt"
"16","256","route_range","w4g-1-a4g-1,w5g-1-a8g-1,w6g-1-a8g-1","0.234375,0.59375,0.171875","w8a8","smooth_scale","16","12.0","ok","6.92234992980957","11.157493591308594","557.289410","509.928322","254.038321","466.028144","/home/lwk/HeteroQuant_Repro/experiments/route_range_topk_group_ablation_olmoe_ppl_20260721_233425/group_16/plans/moe_quant_plan_routed_range.json","/home/lwk/HeteroQuant_Repro/experiments/route_range_topk_group_ablation_olmoe_ppl_20260721_233425/group_16/topk_256/output","/home/lwk/HeteroQuant_Repro/experiments/route_range_topk_group_ablation_olmoe_ppl_20260721_233425/group_16/plan.log","/home/lwk/HeteroQuant_Repro/experiments/route_range_topk_group_ablation_olmoe_ppl_20260721_233425/group_16/topk_256/run.log","/home/lwk/HeteroQuant_Repro/experiments/route_range_topk_group_ablation_olmoe_ppl_20260721_233425/group_16/topk_256/output/olmoe_compat_w4a8_Rw8a8/log_rank0_1784661961.txt"
"32","0","route_range","w4g-1-a4g-1,w5g-1-a8g-1,w6g-1-a8g-1","0.234375,0.59375,0.171875","w8a8","smooth_scale","32","12.0","ok","7.149789333343506","11.416596412658691","478.451994","437.547887","181.193970","336.338111","/home/lwk/HeteroQuant_Repro/experiments/route_range_topk_group_ablation_olmoe_ppl_20260721_233425/group_32/plans/moe_quant_plan_routed_range.json","/home/lwk/HeteroQuant_Repro/experiments/route_range_topk_group_ablation_olmoe_ppl_20260721_233425/group_32/topk_0/output","/home/lwk/HeteroQuant_Repro/experiments/route_range_topk_group_ablation_olmoe_ppl_20260721_233425/group_32/plan.log","/home/lwk/HeteroQuant_Repro/experiments/route_range_topk_group_ablation_olmoe_ppl_20260721_233425/group_32/topk_0/run.log","/home/lwk/HeteroQuant_Repro/experiments/route_range_topk_group_ablation_olmoe_ppl_20260721_233425/group_32/topk_0/output/olmoe_compat_w4a8_Rw8a8/log_rank0_1784663358.txt"
"32","16","route_range","w4g-1-a4g-1,w5g-1-a8g-1,w6g-1-a8g-1","0.234375,0.59375,0.171875","w8a8","smooth_scale","32","12.0","ok","7.031433582305908","11.268921852111816","529.812071","487.755577","254.234347","464.238043","/home/lwk/HeteroQuant_Repro/experiments/route_range_topk_group_ablation_olmoe_ppl_20260721_233425/group_32/plans/moe_quant_plan_routed_range.json","/home/lwk/HeteroQuant_Repro/experiments/route_range_topk_group_ablation_olmoe_ppl_20260721_233425/group_32/topk_16/output","/home/lwk/HeteroQuant_Repro/experiments/route_range_topk_group_ablation_olmoe_ppl_20260721_233425/group_32/plan.log","/home/lwk/HeteroQuant_Repro/experiments/route_range_topk_group_ablation_olmoe_ppl_20260721_233425/group_32/topk_16/run.log","/home/lwk/HeteroQuant_Repro/experiments/route_range_topk_group_ablation_olmoe_ppl_20260721_233425/group_32/topk_16/output/olmoe_compat_w4a8_Rw8a8/log_rank0_1784664371.txt"
"32","32","route_range","w4g-1-a4g-1,w5g-1-a8g-1,w6g-1-a8g-1","0.234375,0.59375,0.171875","w8a8","smooth_scale","32","12.0","ok","6.993207931518555","11.219679832458496","520.165983","479.580746","250.662336","461.982187","/home/lwk/HeteroQuant_Repro/experiments/route_range_topk_group_ablation_olmoe_ppl_20260721_233425/group_32/plans/moe_quant_plan_routed_range.json","/home/lwk/HeteroQuant_Repro/experiments/route_range_topk_group_ablation_olmoe_ppl_20260721_233425/group_32/topk_32/output","/home/lwk/HeteroQuant_Repro/experiments/route_range_topk_group_ablation_olmoe_ppl_20260721_233425/group_32/plan.log","/home/lwk/HeteroQuant_Repro/experiments/route_range_topk_group_ablation_olmoe_ppl_20260721_233425/group_32/topk_32/run.log","/home/lwk/HeteroQuant_Repro/experiments/route_range_topk_group_ablation_olmoe_ppl_20260721_233425/group_32/topk_32/output/olmoe_compat_w4a8_Rw8a8/log_rank0_1784665636.txt"
"32","64","route_range","w4g-1-a4g-1,w5g-1-a8g-1,w6g-1-a8g-1","0.234375,0.59375,0.171875","w8a8","smooth_scale","32","12.0","ok","6.978102207183838","11.22029972076416","540.801961","499.284016","256.767047","468.169604","/home/lwk/HeteroQuant_Repro/experiments/route_range_topk_group_ablation_olmoe_ppl_20260721_233425/group_32/plans/moe_quant_plan_routed_range.json","/home/lwk/HeteroQuant_Repro/experiments/route_range_topk_group_ablation_olmoe_ppl_20260721_233425/group_32/topk_64/output","/home/lwk/HeteroQuant_Repro/experiments/route_range_topk_group_ablation_olmoe_ppl_20260721_233425/group_32/plan.log","/home/lwk/HeteroQuant_Repro/experiments/route_range_topk_group_ablation_olmoe_ppl_20260721_233425/group_32/topk_64/run.log","/home/lwk/HeteroQuant_Repro/experiments/route_range_topk_group_ablation_olmoe_ppl_20260721_233425/group_32/topk_64/output/olmoe_compat_w4a8_Rw8a8/log_rank0_1784666886.txt"
"32","128","route_range","w4g-1-a4g-1,w5g-1-a8g-1,w6g-1-a8g-1","0.234375,0.59375,0.171875","w8a8","smooth_scale","32","12.0","ok","6.976301193237305","11.22847843170166","531.190607","489.125465","251.889183","460.353752","/home/lwk/HeteroQuant_Repro/experiments/route_range_topk_group_ablation_olmoe_ppl_20260721_233425/group_32/plans/moe_quant_plan_routed_range.json","/home/lwk/HeteroQuant_Repro/experiments/route_range_topk_group_ablation_olmoe_ppl_20260721_233425/group_32/topk_128/output","/home/lwk/HeteroQuant_Repro/experiments/route_range_topk_group_ablation_olmoe_ppl_20260721_233425/group_32/plan.log","/home/lwk/HeteroQuant_Repro/experiments/route_range_topk_group_ablation_olmoe_ppl_20260721_233425/group_32/topk_128/run.log","/home/lwk/HeteroQuant_Repro/experiments/route_range_topk_group_ablation_olmoe_ppl_20260721_233425/group_32/topk_128/output/olmoe_compat_w4a8_Rw8a8/log_rank0_1784668169.txt"
"32","256","route_range","w4g-1-a4g-1,w5g-1-a8g-1,w6g-1-a8g-1","0.234375,0.59375,0.171875","w8a8","smooth_scale","32","12.0","ok","6.969832420349121","11.215550422668457","534.772409","494.258577","253.991086","463.332839","/home/lwk/HeteroQuant_Repro/experiments/route_range_topk_group_ablation_olmoe_ppl_20260721_233425/group_32/plans/moe_quant_plan_routed_range.json","/home/lwk/HeteroQuant_Repro/experiments/route_range_topk_group_ablation_olmoe_ppl_20260721_233425/group_32/topk_256/output","/home/lwk/HeteroQuant_Repro/experiments/route_range_topk_group_ablation_olmoe_ppl_20260721_233425/group_32/plan.log","/home/lwk/HeteroQuant_Repro/experiments/route_range_topk_group_ablation_olmoe_ppl_20260721_233425/group_32/topk_256/run.log","/home/lwk/HeteroQuant_Repro/experiments/route_range_topk_group_ablation_olmoe_ppl_20260721_233425/group_32/topk_256/output/olmoe_compat_w4a8_Rw8a8/log_rank0_1784669430.txt"
"64","0","route_range","w4g-1-a4g-1,w5g-1-a8g-1,w6g-1-a8g-1","0.234375,0.59375,0.171875","w8a8","smooth_scale","64","12.0","ok","7.194766521453857","11.494402885437012","488.541771","446.931684","183.803749","337.912294","/home/lwk/HeteroQuant_Repro/experiments/route_range_topk_group_ablation_olmoe_ppl_20260721_233425/group_64/plans/moe_quant_plan_routed_range.json","/home/lwk/HeteroQuant_Repro/experiments/route_range_topk_group_ablation_olmoe_ppl_20260721_233425/group_64/topk_0/output","/home/lwk/HeteroQuant_Repro/experiments/route_range_topk_group_ablation_olmoe_ppl_20260721_233425/group_64/plan.log","/home/lwk/HeteroQuant_Repro/experiments/route_range_topk_group_ablation_olmoe_ppl_20260721_233425/group_64/topk_0/run.log","/home/lwk/HeteroQuant_Repro/experiments/route_range_topk_group_ablation_olmoe_ppl_20260721_233425/group_64/topk_0/output/olmoe_compat_w4a8_Rw8a8/log_rank0_1784670799.txt"
"64","16","route_range","w4g-1-a4g-1,w5g-1-a8g-1,w6g-1-a8g-1","0.234375,0.59375,0.171875","w8a8","smooth_scale","64","12.0","ok","7.085840702056885","11.342822074890137","525.193902","484.555450","251.597098","459.301035","/home/lwk/HeteroQuant_Repro/experiments/route_range_topk_group_ablation_olmoe_ppl_20260721_233425/group_64/plans/moe_quant_plan_routed_range.json","/home/lwk/HeteroQuant_Repro/experiments/route_range_topk_group_ablation_olmoe_ppl_20260721_233425/group_64/topk_16/output","/home/lwk/HeteroQuant_Repro/experiments/route_range_topk_group_ablation_olmoe_ppl_20260721_233425/group_64/plan.log","/home/lwk/HeteroQuant_Repro/experiments/route_range_topk_group_ablation_olmoe_ppl_20260721_233425/group_64/topk_16/run.log","/home/lwk/HeteroQuant_Repro/experiments/route_range_topk_group_ablation_olmoe_ppl_20260721_233425/group_64/topk_16/output/olmoe_compat_w4a8_Rw8a8/log_rank0_1784671827.txt"
"64","32","route_range","w4g-1-a4g-1,w5g-1-a8g-1,w6g-1-a8g-1","0.234375,0.59375,0.171875","w8a8","smooth_scale","64","12.0","ok","7.024447917938232","11.29769515991211","539.298211","496.093548","256.451770","467.028924","/home/lwk/HeteroQuant_Repro/experiments/route_range_topk_group_ablation_olmoe_ppl_20260721_233425/group_64/plans/moe_quant_plan_routed_range.json","/home/lwk/HeteroQuant_Repro/experiments/route_range_topk_group_ablation_olmoe_ppl_20260721_233425/group_64/topk_32/output","/home/lwk/HeteroQuant_Repro/experiments/route_range_topk_group_ablation_olmoe_ppl_20260721_233425/group_64/plan.log","/home/lwk/HeteroQuant_Repro/experiments/route_range_topk_group_ablation_olmoe_ppl_20260721_233425/group_64/topk_32/run.log","/home/lwk/HeteroQuant_Repro/experiments/route_range_topk_group_ablation_olmoe_ppl_20260721_233425/group_64/topk_32/output/olmoe_compat_w4a8_Rw8a8/log_rank0_1784673079.txt"
"64","64","route_range","w4g-1-a4g-1,w5g-1-a8g-1,w6g-1-a8g-1","0.234375,0.59375,0.171875","w8a8","smooth_scale","64","12.0","ok","7.022684574127197","11.292868614196777","527.211193","486.227781","251.493511","466.889812","/home/lwk/HeteroQuant_Repro/experiments/route_range_topk_group_ablation_olmoe_ppl_20260721_233425/group_64/plans/moe_quant_plan_routed_range.json","/home/lwk/HeteroQuant_Repro/experiments/route_range_topk_group_ablation_olmoe_ppl_20260721_233425/group_64/topk_64/output","/home/lwk/HeteroQuant_Repro/experiments/route_range_topk_group_ablation_olmoe_ppl_20260721_233425/group_64/plan.log","/home/lwk/HeteroQuant_Repro/experiments/route_range_topk_group_ablation_olmoe_ppl_20260721_233425/group_64/topk_64/run.log","/home/lwk/HeteroQuant_Repro/experiments/route_range_topk_group_ablation_olmoe_ppl_20260721_233425/group_64/topk_64/output/olmoe_compat_w4a8_Rw8a8/log_rank0_1784674359.txt"
"64","128","route_range","w4g-1-a4g-1,w5g-1-a8g-1,w6g-1-a8g-1","0.234375,0.59375,0.171875","w8a8","smooth_scale","64","12.0","ok","7.023003101348877","11.305282592773438","533.155031","491.474646","254.718032","466.636071","/home/lwk/HeteroQuant_Repro/experiments/route_range_topk_group_ablation_olmoe_ppl_20260721_233425/group_64/plans/moe_quant_plan_routed_range.json","/home/lwk/HeteroQuant_Repro/experiments/route_range_topk_group_ablation_olmoe_ppl_20260721_233425/group_64/topk_128/output","/home/lwk/HeteroQuant_Repro/experiments/route_range_topk_group_ablation_olmoe_ppl_20260721_233425/group_64/plan.log","/home/lwk/HeteroQuant_Repro/experiments/route_range_topk_group_ablation_olmoe_ppl_20260721_233425/group_64/topk_128/run.log","/home/lwk/HeteroQuant_Repro/experiments/route_range_topk_group_ablation_olmoe_ppl_20260721_233425/group_64/topk_128/output/olmoe_compat_w4a8_Rw8a8/log_rank0_1784675622.txt"
"64","256","route_range","w4g-1-a4g-1,w5g-1-a8g-1,w6g-1-a8g-1","0.234375,0.59375,0.171875","w8a8","smooth_scale","64","12.0","ok","7.02810001373291","11.26400089263916","555.444834","513.179128","262.739838","470.022703","/home/lwk/HeteroQuant_Repro/experiments/route_range_topk_group_ablation_olmoe_ppl_20260721_233425/group_64/plans/moe_quant_plan_routed_range.json","/home/lwk/HeteroQuant_Repro/experiments/route_range_topk_group_ablation_olmoe_ppl_20260721_233425/group_64/topk_256/output","/home/lwk/HeteroQuant_Repro/experiments/route_range_topk_group_ablation_olmoe_ppl_20260721_233425/group_64/plan.log","/home/lwk/HeteroQuant_Repro/experiments/route_range_topk_group_ablation_olmoe_ppl_20260721_233425/group_64/topk_256/run.log","/home/lwk/HeteroQuant_Repro/experiments/route_range_topk_group_ablation_olmoe_ppl_20260721_233425/group_64/topk_256/output/olmoe_compat_w4a8_Rw8a8/log_rank0_1784676893.txt"
"128","0","route_range","w4g-1-a4g-1,w5g-1-a8g-1,w6g-1-a8g-1","0.234375,0.59375,0.171875","w8a8","smooth_scale","128","12.0","ok","7.235709190368652","11.526237487792969","477.114702","435.362877","181.011386","331.915805","/home/lwk/HeteroQuant_Repro/experiments/route_range_topk_group_ablation_olmoe_ppl_20260721_233425/group_128/plans/moe_quant_plan_routed_range.json","/home/lwk/HeteroQuant_Repro/experiments/route_range_topk_group_ablation_olmoe_ppl_20260721_233425/group_128/topk_0/output","/home/lwk/HeteroQuant_Repro/experiments/route_range_topk_group_ablation_olmoe_ppl_20260721_233425/group_128/plan.log","/home/lwk/HeteroQuant_Repro/experiments/route_range_topk_group_ablation_olmoe_ppl_20260721_233425/group_128/topk_0/run.log","/home/lwk/HeteroQuant_Repro/experiments/route_range_topk_group_ablation_olmoe_ppl_20260721_233425/group_128/topk_0/output/olmoe_compat_w4a8_Rw8a8/log_rank0_1784678300.txt"
"128","16","route_range","w4g-1-a4g-1,w5g-1-a8g-1,w6g-1-a8g-1","0.234375,0.59375,0.171875","w8a8","smooth_scale","128","12.0","ok","7.125617027282715","11.371545791625977","526.035860","484.736572","257.579780","458.592949","/home/lwk/HeteroQuant_Repro/experiments/route_range_topk_group_ablation_olmoe_ppl_20260721_233425/group_128/plans/moe_quant_plan_routed_range.json","/home/lwk/HeteroQuant_Repro/experiments/route_range_topk_group_ablation_olmoe_ppl_20260721_233425/group_128/topk_16/output","/home/lwk/HeteroQuant_Repro/experiments/route_range_topk_group_ablation_olmoe_ppl_20260721_233425/group_128/plan.log","/home/lwk/HeteroQuant_Repro/experiments/route_range_topk_group_ablation_olmoe_ppl_20260721_233425/group_128/topk_16/run.log","/home/lwk/HeteroQuant_Repro/experiments/route_range_topk_group_ablation_olmoe_ppl_20260721_233425/group_128/topk_16/output/olmoe_compat_w4a8_Rw8a8/log_rank0_1784679307.txt"
"128","32","route_range","w4g-1-a4g-1,w5g-1-a8g-1,w6g-1-a8g-1","0.234375,0.59375,0.171875","w8a8","smooth_scale","128","12.0","ok","7.087892055511475","11.3381929397583","537.043429","495.071433","256.170178","466.581481","/home/lwk/HeteroQuant_Repro/experiments/route_range_topk_group_ablation_olmoe_ppl_20260721_233425/group_128/plans/moe_quant_plan_routed_range.json","/home/lwk/HeteroQuant_Repro/experiments/route_range_topk_group_ablation_olmoe_ppl_20260721_233425/group_128/topk_32/output","/home/lwk/HeteroQuant_Repro/experiments/route_range_topk_group_ablation_olmoe_ppl_20260721_233425/group_128/plan.log","/home/lwk/HeteroQuant_Repro/experiments/route_range_topk_group_ablation_olmoe_ppl_20260721_233425/group_128/topk_32/run.log","/home/lwk/HeteroQuant_Repro/experiments/route_range_topk_group_ablation_olmoe_ppl_20260721_233425/group_128/topk_32/output/olmoe_compat_w4a8_Rw8a8/log_rank0_1784680566.txt"
"128","64","route_range","w4g-1-a4g-1,w5g-1-a8g-1,w6g-1-a8g-1","0.234375,0.59375,0.171875","w8a8","smooth_scale","128","12.0","ok","7.025575637817383","11.30250072479248","533.890676","493.341908","250.196262","458.865754","/home/lwk/HeteroQuant_Repro/experiments/route_range_topk_group_ablation_olmoe_ppl_20260721_233425/group_128/plans/moe_quant_plan_routed_range.json","/home/lwk/HeteroQuant_Repro/experiments/route_range_topk_group_ablation_olmoe_ppl_20260721_233425/group_128/topk_64/output","/home/lwk/HeteroQuant_Repro/experiments/route_range_topk_group_ablation_olmoe_ppl_20260721_233425/group_128/plan.log","/home/lwk/HeteroQuant_Repro/experiments/route_range_topk_group_ablation_olmoe_ppl_20260721_233425/group_128/topk_64/run.log","/home/lwk/HeteroQuant_Repro/experiments/route_range_topk_group_ablation_olmoe_ppl_20260721_233425/group_128/topk_64/output/olmoe_compat_w4a8_Rw8a8/log_rank0_1784681843.txt"
"128","128","route_range","w4g-1-a4g-1,w5g-1-a8g-1,w6g-1-a8g-1","0.234375,0.59375,0.171875","w8a8","smooth_scale","128","12.0","run_failed","7.038573741912842","","531.199857","489.238991","249.732096","","/home/lwk/HeteroQuant_Repro/experiments/route_range_topk_group_ablation_olmoe_ppl_20260721_233425/group_128/plans/moe_quant_plan_routed_range.json","/home/lwk/HeteroQuant_Repro/experiments/route_range_topk_group_ablation_olmoe_ppl_20260721_233425/group_128/topk_128/output","/home/lwk/HeteroQuant_Repro/experiments/route_range_topk_group_ablation_olmoe_ppl_20260721_233425/group_128/plan.log","/home/lwk/HeteroQuant_Repro/experiments/route_range_topk_group_ablation_olmoe_ppl_20260721_233425/group_128/topk_128/run.log","/home/lwk/HeteroQuant_Repro/experiments/route_range_topk_group_ablation_olmoe_ppl_20260721_233425/group_128/topk_128/output/olmoe_compat_w4a8_Rw8a8/log_rank0_1784683103.txt"
