source_type,timestamp_readable,category,label,model,metric,quant_desc,aw_bits,weight_group,router_weight_group,ose_topk,ose_quant,ose_score,disable_gateup_duquant,tier_quants,tier_fractions,wikitext2,c4,acc_avg,avg_no_obqa,arc_challenge,arc_easy,boolq,openbookqa,piqa,winogrande,status,experiment,source_file,run_log,rank_log
rank_log,2026-07-14 00:13:23,ad_hoc_or_historical_downstream,fp16_olmoe,olmoe,,W16A16 Rw16a16,32,None,None,0,same,smooth_scale,False,,,6.649036884307861,10.863228797912598,0.6490372674122158,0.6896447208946588,0.49658703071672355,0.7706228956228957,0.6954128440366972,0.446,0.7981501632208923,0.6874506708760852,ok_downstream,experiments/fp16_and_qwen_group2048_20260713_234929/fp16_olmoe/olmoe_compat_w16a16_Rw16a16,experiments/fp16_and_qwen_group2048_20260713_234929/fp16_olmoe/olmoe_compat_w16a16_Rw16a16/log_rank0_1783957772.txt,,experiments/fp16_and_qwen_group2048_20260713_234929/fp16_olmoe/olmoe_compat_w16a16_Rw16a16/log_rank0_1783957772.txt
rank_log,2026-07-14 00:50:09,ad_hoc_or_historical_downstream,fp16_qwen,qwen2_moe,,W16A16 Rw16a16,32,None,None,0,same,smooth_scale,False,,,7.217358112335205,9.366020202636719,0.6510942290754975,0.692513074890597,0.44283276450511944,0.7319023569023569,0.7935779816513762,0.444,0.8052230685527747,0.6890292028413575,ok_downstream,experiments/fp16_and_qwen_group2048_20260713_234929/fp16_qwen/Qwen1.5-MoE-A2.7B_w16a16_Rw16a16,experiments/fp16_and_qwen_group2048_20260713_234929/fp16_qwen/Qwen1.5-MoE-A2.7B_w16a16_Rw16a16/log_rank0_1783959207.txt,,experiments/fp16_and_qwen_group2048_20260713_234929/fp16_qwen/Qwen1.5-MoE-A2.7B_w16a16_Rw16a16/log_rank0_1783959207.txt
rank_log,2026-07-19 01:01:07,ad_hoc_or_historical_downstream,output,qwen2_moe,routed_tail,W4A8 Rw8a8,12,2048,2048,64,w8a8,smooth_scale,True,,,8.24215030670166,10.661438941955566,0.6406913268863167,0.68042959226358,0.4274744027303754,0.7222222222222222,0.7767584097859327,0.442,0.8008705114254625,0.6748224151539068,ok_downstream,experiments/qwen_aw11_aw13_routed_tail_downstream_group2048_20260718_174743/aw13,experiments/qwen_aw11_aw13_routed_tail_downstream_group2048_20260718_174743/aw13/output/Qwen1.5-MoE-A2.7B_w4a8_Rw8a8/log_rank0_1784381556.txt,,experiments/qwen_aw11_aw13_routed_tail_downstream_group2048_20260718_174743/aw13/output/Qwen1.5-MoE-A2.7B_w4a8_Rw8a8/log_rank0_1784381556.txt
rank_log,2026-07-14 04:25:47,ad_hoc_or_historical_downstream,qwen_group2048_route_range,qwen2_moe,route_range,W4A8 Rw8a8,12,2048,2048,64,w8a8,smooth_scale,True,,,8.2649507522583,10.713644981384277,0.6370124881671085,0.6764149858005302,0.4300341296928328,0.7184343434343434,0.7709480122324159,0.44,0.7965179542981502,0.6661404893449092,ok_downstream,experiments/fp16_and_qwen_group2048_20260713_234929/qwen_group2048/Qwen1.5-MoE-A2.7B_w4a8_Rw8a8,experiments/fp16_and_qwen_group2048_20260713_234929/qwen_group2048/Qwen1.5-MoE-A2.7B_w4a8_Rw8a8/log_rank0_1783961415.txt,,experiments/fp16_and_qwen_group2048_20260713_234929/qwen_group2048/Qwen1.5-MoE-A2.7B_w4a8_Rw8a8/log_rank0_1783961415.txt
rank_log,2026-07-13 23:39:01,ad_hoc_or_historical_downstream,reproduce_olmoe_691_route_range,olmoe,route_range,W4A8 Rw8a8,12,2048,2048,64,w8a8,smooth_scale,True,,,7.236062049865723,11.504141807556152,0.645297105543848,0.6839565266526176,0.49146757679180886,0.7676767676767676,0.6853211009174311,0.452,0.7894450489662677,0.6858721389108129,ok_downstream,experiments/repro_olmoe_691_20260713_210938/heteroquant_a8w4/olmoe_compat_w4a8_Rw8a8,experiments/repro_olmoe_691_20260713_210938/heteroquant_a8w4/olmoe_compat_w4a8_Rw8a8/log_rank0_1783948181.txt,,experiments/repro_olmoe_691_20260713_210938/heteroquant_a8w4/olmoe_compat_w4a8_Rw8a8/log_rank0_1783948181.txt
rank_log,2026-07-15 01:38:34,ad_hoc_ppl_only,output,olmoe,,W4A8 Rw8a8,12,1,1,64,w8a8,smooth_scale,True,,,7.008150577545166,11.252447128295898,,,,,,,,,ok_ppl_only,experiments/metric_ablation_olmoe_ppl_20260714_235211/tail,experiments/metric_ablation_olmoe_ppl_20260714_235211/tail/output/olmoe_compat_w4a8_Rw8a8/log_rank0_1784049462.txt,,experiments/metric_ablation_olmoe_ppl_20260714_235211/tail/output/olmoe_compat_w4a8_Rw8a8/log_rank0_1784049462.txt
rank_log,2026-07-16 00:37:31,ad_hoc_ppl_only,output,olmoe,route_range,W4A8 Rw8a8,12,1,1,64,w8a8,smooth_scale,True,,,6.954970836639404,11.178303718566895,,,,,,,,,ok_ppl_only,experiments/tier_set_route_range_olmoe_ppl_20260715_222215/5tier_add_w8a8,experiments/tier_set_route_range_olmoe_ppl_20260715_222215/5tier_add_w8a8/output/olmoe_compat_w4a8_Rw8a8/log_rank0_1784132197.txt,,experiments/tier_set_route_range_olmoe_ppl_20260715_222215/5tier_add_w8a8/output/olmoe_compat_w4a8_Rw8a8/log_rank0_1784132197.txt
rank_log,2026-07-17 11:04:03,ad_hoc_ppl_only,output,olmoe,routed_tail,W4A8 Rw8a8,12,1,1,64,w8a8,smooth_scale,True,,,6.925682067871094,11.183506965637207,,,,,,,,,ok_ppl_only,experiments/group_size_scan_routed_tail_olmoe_ppl_20260717_104032/group_1,experiments/group_size_scan_routed_tail_olmoe_ppl_20260717_104032/group_1/output/olmoe_compat_w4a8_Rw8a8/log_rank0_1784256153.txt,,experiments/group_size_scan_routed_tail_olmoe_ppl_20260717_104032/group_1/output/olmoe_compat_w4a8_Rw8a8/log_rank0_1784256153.txt
rank_log,2026-07-17 13:44:10,ad_hoc_ppl_only,output,olmoe,routed_tail,W4A8 Rw8a8,12,1024,1024,64,w8a8,smooth_scale,True,,,7.20028829574585,11.403278350830078,,,,,,,,,ok_ppl_only,experiments/group_size_scan_routed_tail_olmoe_ppl_20260717_104032/group_1024,experiments/group_size_scan_routed_tail_olmoe_ppl_20260717_104032/group_1024/output/olmoe_compat_w4a8_Rw8a8/log_rank0_1784265772.txt,,experiments/group_size_scan_routed_tail_olmoe_ppl_20260717_104032/group_1024/output/olmoe_compat_w4a8_Rw8a8/log_rank0_1784265772.txt
rank_log,2026-07-17 12:35:22,ad_hoc_ppl_only,output,olmoe,routed_tail,W4A8 Rw8a8,12,128,128,64,w8a8,smooth_scale,True,,,7.00529146194458,11.229185104370117,,,,,,,,,ok_ppl_only,experiments/group_size_scan_routed_tail_olmoe_ppl_20260717_104032/group_128,experiments/group_size_scan_routed_tail_olmoe_ppl_20260717_104032/group_128/output/olmoe_compat_w4a8_Rw8a8/log_rank0_1784261659.txt,,experiments/group_size_scan_routed_tail_olmoe_ppl_20260717_104032/group_128/output/olmoe_compat_w4a8_Rw8a8/log_rank0_1784261659.txt
rank_log,2026-07-17 11:27:00,ad_hoc_ppl_only,output,olmoe,routed_tail,W4A8 Rw8a8,12,16,16,64,w8a8,smooth_scale,True,,,6.916050910949707,11.187454223632812,,,,,,,,,ok_ppl_only,experiments/group_size_scan_routed_tail_olmoe_ppl_20260717_104032/group_16,experiments/group_size_scan_routed_tail_olmoe_ppl_20260717_104032/group_16/output/olmoe_compat_w4a8_Rw8a8/log_rank0_1784257560.txt,,experiments/group_size_scan_routed_tail_olmoe_ppl_20260717_104032/group_16/output/olmoe_compat_w4a8_Rw8a8/log_rank0_1784257560.txt
rank_log,2026-07-16 12:29:46,ad_hoc_ppl_only,output,olmoe,route_range,W4A8 Rw8a8,12,2048,2048,64,w8a8,smooth_scale,True,,,7.227738857269287,11.513185501098633,,,,,,,,,ok_ppl_only,experiments/metric_ablation_olmoe_ppl_group2048_20260716_101427/route_range,experiments/metric_ablation_olmoe_ppl_group2048_20260716_101427/route_range/output/olmoe_compat_w4a8_Rw8a8/log_rank0_1784174955.txt,,experiments/metric_ablation_olmoe_ppl_group2048_20260716_101427/route_range/output/olmoe_compat_w4a8_Rw8a8/log_rank0_1784174955.txt
rank_log,2026-07-16 13:38:32,ad_hoc_ppl_only,output,olmoe,,W4A8 Rw8a8,12,2048,2048,64,w8a8,smooth_scale,True,,,7.438573360443115,11.657211303710938,,,,,,,,,ok_ppl_only,experiments/metric_ablation_olmoe_ppl_group2048_20260716_101427/residual_qerr_gain,experiments/metric_ablation_olmoe_ppl_group2048_20260716_101427/residual_qerr_gain/output/olmoe_compat_w4a8_Rw8a8/log_rank0_1784179051.txt,,experiments/metric_ablation_olmoe_ppl_group2048_20260716_101427/residual_qerr_gain/output/olmoe_compat_w4a8_Rw8a8/log_rank0_1784179051.txt
rank_log,2026-07-16 17:36:28,ad_hoc_ppl_only,output,olmoe,routed_tail,W4A8 Rw8a8,12,2048,2048,0,w8a8,smooth_scale,True,,,7.473001956939697,11.702524185180664,,,,,,,,,ok_ppl_only,experiments/ose_topk_routed_tail_olmoe_ppl_group2048_20260716_171710/topk_0,experiments/ose_topk_routed_tail_olmoe_ppl_group2048_20260716_171710/topk_0/output/olmoe_compat_w4a8_Rw8a8/log_rank0_1784193572.txt,,experiments/ose_topk_routed_tail_olmoe_ppl_group2048_20260716_171710/topk_0/output/olmoe_compat_w4a8_Rw8a8/log_rank0_1784193572.txt
rank_log,2026-07-16 17:59:01,ad_hoc_ppl_only,output,olmoe,routed_tail,W4A8 Rw8a8,12,2048,2048,16,w8a8,smooth_scale,True,,,7.329023838043213,11.534329414367676,,,,,,,,,ok_ppl_only,experiments/ose_topk_routed_tail_olmoe_ppl_group2048_20260716_171710/topk_16,experiments/ose_topk_routed_tail_olmoe_ppl_group2048_20260716_171710/topk_16/output/olmoe_compat_w4a8_Rw8a8/log_rank0_1784194699.txt,,experiments/ose_topk_routed_tail_olmoe_ppl_group2048_20260716_171710/topk_16/output/olmoe_compat_w4a8_Rw8a8/log_rank0_1784194699.txt
rank_log,2026-07-16 18:21:56,ad_hoc_ppl_only,output,olmoe,routed_tail,W4A8 Rw8a8,12,2048,2048,32,w8a8,smooth_scale,True,,,7.307633876800537,11.515029907226562,,,,,,,,,ok_ppl_only,experiments/ose_topk_routed_tail_olmoe_ppl_group2048_20260716_171710/topk_32,experiments/ose_topk_routed_tail_olmoe_ppl_group2048_20260716_171710/topk_32/output/olmoe_compat_w4a8_Rw8a8/log_rank0_1784196057.txt,,experiments/ose_topk_routed_tail_olmoe_ppl_group2048_20260716_171710/topk_32/output/olmoe_compat_w4a8_Rw8a8/log_rank0_1784196057.txt
rank_log,2026-07-16 19:07:42,ad_hoc_ppl_only,output,olmoe,routed_tail,W4A8 Rw8a8,12,2048,2048,128,w8a8,smooth_scale,True,,,7.254205226898193,11.480993270874023,,,,,,,,,ok_ppl_only,experiments/ose_topk_routed_tail_olmoe_ppl_group2048_20260716_171710/topk_128,experiments/ose_topk_routed_tail_olmoe_ppl_group2048_20260716_171710/topk_128/output/olmoe_compat_w4a8_Rw8a8/log_rank0_1784198827.txt,,experiments/ose_topk_routed_tail_olmoe_ppl_group2048_20260716_171710/topk_128/output/olmoe_compat_w4a8_Rw8a8/log_rank0_1784198827.txt
rank_log,2026-07-16 19:30:57,ad_hoc_ppl_only,output,olmoe,routed_tail,W4A8 Rw8a8,12,2048,2048,256,w8a8,smooth_scale,True,,,7.253876686096191,11.45203685760498,,,,,,,,,ok_ppl_only,experiments/ose_topk_routed_tail_olmoe_ppl_group2048_20260716_171710/topk_256,experiments/ose_topk_routed_tail_olmoe_ppl_group2048_20260716_171710/topk_256/output/olmoe_compat_w4a8_Rw8a8/log_rank0_1784200178.txt,,experiments/ose_topk_routed_tail_olmoe_ppl_group2048_20260716_171710/topk_256/output/olmoe_compat_w4a8_Rw8a8/log_rank0_1784200178.txt
rank_log,2026-07-16 22:06:29,ad_hoc_ppl_only,output,olmoe,routed_tail,W4A8 Rw8a8,12,2048,2048,0,same,smooth_scale,True,,,7.473001956939697,11.702524185180664,,,,,,,,,ok_ppl_only,experiments/remaining_ablation_suite_20260716_210440/component/allocation_only,experiments/remaining_ablation_suite_20260716_210440/component/allocation_only/output/olmoe_compat_w4a8_Rw8a8/log_rank0_1784209770.txt,,experiments/remaining_ablation_suite_20260716_210440/component/allocation_only/output/olmoe_compat_w4a8_Rw8a8/log_rank0_1784209770.txt
rank_log,2026-07-16 22:30:11,ad_hoc_ppl_only,output,olmoe,random,W4A8 Rw8a8,12,2048,2048,64,w8a8,smooth_scale,True,,,7.332934856414795,11.553793907165527,,,,,,,,,ok_ppl_only,experiments/remaining_ablation_suite_20260716_210440/component/ose_random_same_budget,experiments/remaining_ablation_suite_20260716_210440/component/ose_random_same_budget/output/olmoe_compat_w4a8_Rw8a8/log_rank0_1784210911.txt,,experiments/remaining_ablation_suite_20260716_210440/component/ose_random_same_budget/output/olmoe_compat_w4a8_Rw8a8/log_rank0_1784210911.txt
rank_log,2026-07-16 23:14:04,ad_hoc_ppl_only,output,olmoe,routed_tail,W4A8 Rw8a8,12,2048,2048,64,fp16,smooth_scale,True,,,7.2250165939331055,11.453522682189941,,,,,,,,,ok_ppl_only,experiments/remaining_ablation_suite_20260716_210440/ose_precision/ose_fp16,experiments/remaining_ablation_suite_20260716_210440/ose_precision/ose_fp16/output/olmoe_compat_w4a8_Rw8a8/log_rank0_1784213725.txt,,experiments/remaining_ablation_suite_20260716_210440/ose_precision/ose_fp16/output/olmoe_compat_w4a8_Rw8a8/log_rank0_1784213725.txt
rank_log,2026-07-16 23:33:04,ad_hoc_ppl_only,output,olmoe,routed_tail,W4A8 Rw8a8,12,2048,2048,64,w16a16,smooth_scale,True,,,7.2250165939331055,11.453522682189941,,,,,,,,,ok_ppl_only,experiments/remaining_ablation_suite_20260716_210440/ose_precision/ose_w16a16,experiments/remaining_ablation_suite_20260716_210440/ose_precision/ose_w16a16/output/olmoe_compat_w4a8_Rw8a8/log_rank0_1784214849.txt,,experiments/remaining_ablation_suite_20260716_210440/ose_precision/ose_w16a16/output/olmoe_compat_w4a8_Rw8a8/log_rank0_1784214849.txt
rank_log,2026-07-17 00:15:54,ad_hoc_ppl_only,output,olmoe,routed_tail,W4A8 Rw8a8,12,2048,2048,64,w4a4,smooth_scale,True,,,7.262635707855225,11.521576881408691,,,,,,,,,ok_ppl_only,experiments/remaining_ablation_suite_20260716_210440/ose_precision/ose_w4a4,experiments/remaining_ablation_suite_20260716_210440/ose_precision/ose_w4a4/output/olmoe_compat_w4a8_Rw8a8/log_rank0_1784217276.txt,,experiments/remaining_ablation_suite_20260716_210440/ose_precision/ose_w4a4/output/olmoe_compat_w4a8_Rw8a8/log_rank0_1784217276.txt
rank_log,2026-07-17 00:37:30,ad_hoc_ppl_only,output,olmoe,routed_tail,W4A8 Rw8a8,12,2048,2048,64,same,smooth_scale,True,,,7.278408050537109,11.528127670288086,,,,,,,,,ok_ppl_only,experiments/remaining_ablation_suite_20260716_210440/ose_precision/ose_same,experiments/remaining_ablation_suite_20260716_210440/ose_precision/ose_same/output/olmoe_compat_w4a8_Rw8a8/log_rank0_1784218559.txt,,experiments/remaining_ablation_suite_20260716_210440/ose_precision/ose_same/output/olmoe_compat_w4a8_Rw8a8/log_rank0_1784218559.txt
rank_log,2026-07-17 01:24:09,ad_hoc_ppl_only,output,olmoe,routed_tail,W4A8 Rw8a8,12,2048,2048,64,w8a8,weight_max,True,,,7.249197483062744,11.444263458251953,,,,,,,,,ok_ppl_only,experiments/remaining_ablation_suite_20260716_210440/ose_score/score_weight_max,experiments/remaining_ablation_suite_20260716_210440/ose_score/score_weight_max/output/olmoe_compat_w4a8_Rw8a8/log_rank0_1784221368.txt,,experiments/remaining_ablation_suite_20260716_210440/ose_score/score_weight_max/output/olmoe_compat_w4a8_Rw8a8/log_rank0_1784221368.txt
rank_log,2026-07-17 01:47:11,ad_hoc_ppl_only,output,olmoe,routed_tail,W4A8 Rw8a8,12,2048,2048,64,w8a8,weight_error,True,,,7.238611221313477,11.4657621383667,,,,,,,,,ok_ppl_only,experiments/remaining_ablation_suite_20260716_210440/ose_score/score_weight_error,experiments/remaining_ablation_suite_20260716_210440/ose_score/score_weight_error/output/olmoe_compat_w4a8_Rw8a8/log_rank0_1784222769.txt,,experiments/remaining_ablation_suite_20260716_210440/ose_score/score_weight_error/output/olmoe_compat_w4a8_Rw8a8/log_rank0_1784222769.txt
rank_log,2026-07-18 15:22:44,ad_hoc_ppl_only,output,olmoe,routed_tail,W4A8 Rw8a8,12,2048,2048,64,w8a8,smooth_scale,True,,,7.142786026000977,11.401777267456055,,,,,,,,,ok_ppl_only,experiments/aw_budget_sweep_routed_tail_olmoe_group2048_20260718_082538/aw16,experiments/aw_budget_sweep_routed_tail_olmoe_group2048_20260718_082538/aw16/output/olmoe_compat_w4a8_Rw8a8/log_rank0_1784358088.txt,,experiments/aw_budget_sweep_routed_tail_olmoe_group2048_20260718_082538/aw16/output/olmoe_compat_w4a8_Rw8a8/log_rank0_1784358088.txt
rank_log,2026-07-17 12:58:16,ad_hoc_ppl_only,output,olmoe,routed_tail,W4A8 Rw8a8,12,256,256,64,w8a8,smooth_scale,True,,,7.033175468444824,11.280038833618164,,,,,,,,,ok_ppl_only,experiments/group_size_scan_routed_tail_olmoe_ppl_20260717_104032/group_256,experiments/group_size_scan_routed_tail_olmoe_ppl_20260717_104032/group_256/output/olmoe_compat_w4a8_Rw8a8/log_rank0_1784263035.txt,,experiments/group_size_scan_routed_tail_olmoe_ppl_20260717_104032/group_256/output/olmoe_compat_w4a8_Rw8a8/log_rank0_1784263035.txt
rank_log,2026-07-17 11:49:39,ad_hoc_ppl_only,output,olmoe,routed_tail,W4A8 Rw8a8,12,32,32,64,w8a8,smooth_scale,True,,,6.955334663391113,11.181417465209961,,,,,,,,,ok_ppl_only,experiments/group_size_scan_routed_tail_olmoe_ppl_20260717_104032/group_32,experiments/group_size_scan_routed_tail_olmoe_ppl_20260717_104032/group_32/output/olmoe_compat_w4a8_Rw8a8/log_rank0_1784258926.txt,,experiments/group_size_scan_routed_tail_olmoe_ppl_20260717_104032/group_32/output/olmoe_compat_w4a8_Rw8a8/log_rank0_1784258926.txt
rank_log,2026-07-17 13:21:04,ad_hoc_ppl_only,output,olmoe,routed_tail,W4A8 Rw8a8,12,512,512,64,w8a8,smooth_scale,True,,,7.117123126983643,11.316435813903809,,,,,,,,,ok_ppl_only,experiments/group_size_scan_routed_tail_olmoe_ppl_20260717_104032/group_512,experiments/group_size_scan_routed_tail_olmoe_ppl_20260717_104032/group_512/output/olmoe_compat_w4a8_Rw8a8/log_rank0_1784264401.txt,,experiments/group_size_scan_routed_tail_olmoe_ppl_20260717_104032/group_512/output/olmoe_compat_w4a8_Rw8a8/log_rank0_1784264401.txt
rank_log,2026-07-17 12:12:35,ad_hoc_ppl_only,output,olmoe,routed_tail,W4A8 Rw8a8,12,64,64,64,w8a8,smooth_scale,True,,,6.9977946281433105,11.22057819366455,,,,,,,,,ok_ppl_only,experiments/group_size_scan_routed_tail_olmoe_ppl_20260717_104032/group_64,experiments/group_size_scan_routed_tail_olmoe_ppl_20260717_104032/group_64/output/olmoe_compat_w4a8_Rw8a8/log_rank0_1784260285.txt,,experiments/group_size_scan_routed_tail_olmoe_ppl_20260717_104032/group_64/output/olmoe_compat_w4a8_Rw8a8/log_rank0_1784260285.txt
rank_log,2026-07-13 20:07:49,ad_hoc_ppl_only,reproduce_olmoe_691_route_range,olmoe,route_range,W4A8 Rw8a8,12,,,64,w8a8,smooth_scale,True,,,6.905686855316162,,,,,,,,,,ok_ppl_only,experiments/repro_olmoe_691_20260713_194824/heteroquant_a8w4/olmoe_compat_w4a8_Rw8a8,experiments/repro_olmoe_691_20260713_194824/heteroquant_a8w4/olmoe_compat_w4a8_Rw8a8/log_rank0_1783943307.txt,,experiments/repro_olmoe_691_20260713_194824/heteroquant_a8w4/olmoe_compat_w4a8_Rw8a8/log_rank0_1783943307.txt
rank_log,2026-07-19 18:30:56,ad_hoc_ppl_only,reproduce_olmoe_691_route_range,olmoe,,W4A8 Rw8a8,12,1,1,0,w8a8,smooth_scale,False,,,7.0765790939331055,11.212298393249512,,,,,,,,,ok_ppl_only,experiments/repro_olmoe_691_20260719_180204/heteroquant_a8w4/olmoe_compat_w4a8_Rw8a8,experiments/repro_olmoe_691_20260719_180204/heteroquant_a8w4/olmoe_compat_w4a8_Rw8a8/log_rank0_1784455327.txt,,experiments/repro_olmoe_691_20260719_180204/heteroquant_a8w4/olmoe_compat_w4a8_Rw8a8/log_rank0_1784455327.txt
rank_log,2026-07-21 14:32:15,ad_hoc_ppl_only,reproduce_olmoe_691_route_range,olmoe,route_range,W4A8 Rw8a8,12,1,1,64,w8a8,smooth_scale,True,,,6.906529426574707,11.13419246673584,,,,,,,,,ok_ppl_only,experiments/repro_olmoe_691_20260721_140958/heteroquant_a8w4/olmoe_compat_w4a8_Rw8a8,experiments/repro_olmoe_691_20260721_140958/heteroquant_a8w4/olmoe_compat_w4a8_Rw8a8/log_rank0_1784614202.txt,,experiments/repro_olmoe_691_20260721_140958/heteroquant_a8w4/olmoe_compat_w4a8_Rw8a8/log_rank0_1784614202.txt
summary,2026-07-14 15:13:17,allocation_component_ablation,all_three,olmoe,,"w4g-1-a4g-1,w5g-1-a8g-1,w6g-1-a8g-1",12.0,1,,,,,,"w4g-1-a4g-1,w5g-1-a8g-1,w6g-1-a8g-1","0.234375,0.59375,0.171875",6.9023637771606445,11.131814002990723,,,,,,,,,ok,experiments/allocation_component_ablation_olmoe_ppl_20260714_134013,experiments/allocation_component_ablation_olmoe_ppl_20260714_134013/summary.csv,,
summary,2026-07-14 15:13:17,allocation_component_ablation,no_down_range,olmoe,,"w4g-1-a4g-1,w5g-1-a8g-1,w6g-1-a8g-1",12.0,1,,,,,,"w4g-1-a4g-1,w5g-1-a8g-1,w6g-1-a8g-1","0.234375,0.59375,0.171875",6.9091315269470215,11.13168716430664,,,,,,,,,ok,experiments/allocation_component_ablation_olmoe_ppl_20260714_134013,experiments/allocation_component_ablation_olmoe_ppl_20260714_134013/summary.csv,,
summary,2026-07-14 15:13:17,allocation_component_ablation,no_input_range,olmoe,,"w4g-1-a4g-1,w5g-1-a8g-1,w6g-1-a8g-1",12.0,1,,,,,,"w4g-1-a4g-1,w5g-1-a8g-1,w6g-1-a8g-1","0.234375,0.59375,0.171875",6.897261619567871,11.125425338745117,,,,,,,,,ok,experiments/allocation_component_ablation_olmoe_ppl_20260714_134013,experiments/allocation_component_ablation_olmoe_ppl_20260714_134013/summary.csv,,
summary,2026-07-14 15:13:17,allocation_component_ablation,no_weight_range,olmoe,,"w4g-1-a4g-1,w5g-1-a8g-1,w6g-1-a8g-1",12.0,1,,,,,,"w4g-1-a4g-1,w5g-1-a8g-1,w6g-1-a8g-1","0.234375,0.59375,0.171875",6.905252456665039,11.132132530212402,,,,,,,,,ok,experiments/allocation_component_ablation_olmoe_ppl_20260714_134013,experiments/allocation_component_ablation_olmoe_ppl_20260714_134013/summary.csv,,
summary,2026-07-14 12:07:41,allocation_formula_ablation,no_both_halves,olmoe,,"w4g-1-a4g-1,w5g-1-a8g-1,w6g-1-a8g-1",12.0,1,,,,,,"w4g-1-a4g-1,w5g-1-a8g-1,w6g-1-a8g-1","0.234375,0.59375,0.171875",6.90828800201416,11.133258819580078,,,,,,,,,ok,experiments/allocation_metric_ablation_olmoe_ppl_20260714_103026,experiments/allocation_metric_ablation_olmoe_ppl_20260714_103026/summary.csv,,
summary,2026-07-14 12:07:41,allocation_formula_ablation,no_log_no_halves,olmoe,,"w4g-1-a4g-1,w5g-1-a8g-1,w6g-1-a8g-1",12.0,1,,,,,,"w4g-1-a4g-1,w5g-1-a8g-1,w6g-1-a8g-1","0.234375,0.59375,0.171875",6.9023637771606445,11.131814002990723,,,,,,,,,ok,experiments/allocation_metric_ablation_olmoe_ppl_20260714_103026,experiments/allocation_metric_ablation_olmoe_ppl_20260714_103026/summary.csv,,
summary,2026-07-14 12:07:41,allocation_formula_ablation,no_route_half,olmoe,,"w4g-1-a4g-1,w5g-1-a8g-1,w6g-1-a8g-1",12.0,1,,,,,,"w4g-1-a4g-1,w5g-1-a8g-1,w6g-1-a8g-1","0.234375,0.59375,0.171875",6.91007137298584,11.134511947631836,,,,,,,,,ok,experiments/allocation_metric_ablation_olmoe_ppl_20260714_103026,experiments/allocation_metric_ablation_olmoe_ppl_20260714_103026/summary.csv,,
summary,2026-07-14 12:07:41,allocation_formula_ablation,no_weight_half,olmoe,,"w4g-1-a4g-1,w5g-1-a8g-1,w6g-1-a8g-1",12.0,1,,,,,,"w4g-1-a4g-1,w5g-1-a8g-1,w6g-1-a8g-1","0.234375,0.59375,0.171875",6.910553455352783,11.134065628051758,,,,,,,,,ok,experiments/allocation_metric_ablation_olmoe_ppl_20260714_103026,experiments/allocation_metric_ablation_olmoe_ppl_20260714_103026/summary.csv,,
summary,2026-07-15 01:38:36,allocation_metric_ablation_group1,kurtosis,olmoe,kurtosis,,12.0,1,,,,,,,,7.018791198730469,11.202122688293457,,,,,,,,,ok,experiments/metric_ablation_olmoe_ppl_20260714_235211,experiments/metric_ablation_olmoe_ppl_20260714_235211/summary.csv,experiments/metric_ablation_olmoe_ppl_20260714_235211/kurtosis/run.log,
summary,2026-07-15 01:38:36,allocation_metric_ablation_group1,residual_qerr,olmoe,residual_qerr,,12.0,1,,,,,,,,7.144479274749756,11.328033447265625,,,,,,,,,ok,experiments/metric_ablation_olmoe_ppl_20260714_235211,experiments/metric_ablation_olmoe_ppl_20260714_235211/summary.csv,experiments/metric_ablation_olmoe_ppl_20260714_235211/residual_qerr/run.log,
summary,2026-07-15 01:38:36,allocation_metric_ablation_group1,residual_qerr_gain,olmoe,residual_qerr_gain,,12.0,1,,,,,,,,7.144928932189941,11.330777168273926,,,,,,,,,ok,experiments/metric_ablation_olmoe_ppl_20260714_235211,experiments/metric_ablation_olmoe_ppl_20260714_235211/summary.csv,experiments/metric_ablation_olmoe_ppl_20260714_235211/residual_qerr_gain/run.log,
summary,2026-07-15 01:38:36,allocation_metric_ablation_group1,route,olmoe,route,,12.0,1,,,,,,,,6.922035217285156,11.186345100402832,,,,,,,,,ok,experiments/metric_ablation_olmoe_ppl_20260714_235211,experiments/metric_ablation_olmoe_ppl_20260714_235211/summary.csv,experiments/metric_ablation_olmoe_ppl_20260714_235211/route/run.log,
summary,2026-07-15 01:38:36,allocation_metric_ablation_group1,tail,olmoe,tail,,12.0,1,,,,,,,,7.008150577545166,11.252447128295898,,,,,,,,,ok,experiments/metric_ablation_olmoe_ppl_20260714_235211,experiments/metric_ablation_olmoe_ppl_20260714_235211/summary.csv,experiments/metric_ablation_olmoe_ppl_20260714_235211/tail/run.log,
summary,2026-07-16 13:38:34,allocation_metric_ablation_group2048,kurtosis,olmoe,kurtosis,"w4g-1-a4g-1,w5g-1-a8g-1,w6g-1-a8g-1",12.0,2048,2048,,,,,"w4g-1-a4g-1,w5g-1-a8g-1,w6g-1-a8g-1","0.234375,0.59375,0.171875",7.268135070800781,11.550048828125,,,,,,,,,ok,experiments/metric_ablation_olmoe_ppl_group2048_20260716_101427,experiments/metric_ablation_olmoe_ppl_group2048_20260716_101427/summary.csv,experiments/metric_ablation_olmoe_ppl_group2048_20260716_101427/kurtosis/run.log,
summary,2026-07-16 13:38:34,allocation_metric_ablation_group2048,range,olmoe,routed_range,"w4g-1-a4g-1,w5g-1-a8g-1,w6g-1-a8g-1",12.0,2048,2048,,,,,"w4g-1-a4g-1,w5g-1-a8g-1,w6g-1-a8g-1","0.234375,0.59375,0.171875",7.303455352783203,11.549739837646484,,,,,,,,,ok,experiments/metric_ablation_olmoe_ppl_group2048_20260716_101427,experiments/metric_ablation_olmoe_ppl_group2048_20260716_101427/summary.csv,experiments/metric_ablation_olmoe_ppl_group2048_20260716_101427/range/run.log,
summary,2026-07-16 13:38:34,allocation_metric_ablation_group2048,residual_qerr,olmoe,residual_qerr,"w4g-1-a4g-1,w5g-1-a8g-1,w6g-1-a8g-1",12.0,2048,2048,,,,,"w4g-1-a4g-1,w5g-1-a8g-1,w6g-1-a8g-1","0.234375,0.59375,0.171875",7.436757564544678,11.658990859985352,,,,,,,,,ok,experiments/metric_ablation_olmoe_ppl_group2048_20260716_101427,experiments/metric_ablation_olmoe_ppl_group2048_20260716_101427/summary.csv,experiments/metric_ablation_olmoe_ppl_group2048_20260716_101427/residual_qerr/run.log,
summary,2026-07-16 13:38:34,allocation_metric_ablation_group2048,residual_qerr_gain,olmoe,residual_qerr_gain,"w4g-1-a4g-1,w5g-1-a8g-1,w6g-1-a8g-1",12.0,2048,2048,,,,,"w4g-1-a4g-1,w5g-1-a8g-1,w6g-1-a8g-1","0.234375,0.59375,0.171875",7.438573360443115,11.657211303710938,,,,,,,,,ok,experiments/metric_ablation_olmoe_ppl_group2048_20260716_101427,experiments/metric_ablation_olmoe_ppl_group2048_20260716_101427/summary.csv,experiments/metric_ablation_olmoe_ppl_group2048_20260716_101427/residual_qerr_gain/run.log,
summary,2026-07-16 13:38:34,allocation_metric_ablation_group2048,route,olmoe,route,"w4g-1-a4g-1,w5g-1-a8g-1,w6g-1-a8g-1",12.0,2048,2048,,,,,"w4g-1-a4g-1,w5g-1-a8g-1,w6g-1-a8g-1","0.234375,0.59375,0.171875",7.215145587921143,11.445616722106934,,,,,,,,,ok,experiments/metric_ablation_olmoe_ppl_group2048_20260716_101427,experiments/metric_ablation_olmoe_ppl_group2048_20260716_101427/summary.csv,experiments/metric_ablation_olmoe_ppl_group2048_20260716_101427/route/run.log,
summary,2026-07-16 13:38:34,allocation_metric_ablation_group2048,route_range,olmoe,routed_range,"w4g-1-a4g-1,w5g-1-a8g-1,w6g-1-a8g-1",12.0,2048,2048,,,,,"w4g-1-a4g-1,w5g-1-a8g-1,w6g-1-a8g-1","0.234375,0.59375,0.171875",7.227738857269287,11.513185501098633,,,,,,,,,ok,experiments/metric_ablation_olmoe_ppl_group2048_20260716_101427,experiments/metric_ablation_olmoe_ppl_group2048_20260716_101427/summary.csv,experiments/metric_ablation_olmoe_ppl_group2048_20260716_101427/route_range/run.log,
summary,2026-07-16 13:38:34,allocation_metric_ablation_group2048,routed_kurtosis,olmoe,routed_kurtosis,"w4g-1-a4g-1,w5g-1-a8g-1,w6g-1-a8g-1",12.0,2048,2048,,,,,"w4g-1-a4g-1,w5g-1-a8g-1,w6g-1-a8g-1","0.234375,0.59375,0.171875",7.2276387214660645,11.521841049194336,,,,,,,,,ok,experiments/metric_ablation_olmoe_ppl_group2048_20260716_101427,experiments/metric_ablation_olmoe_ppl_group2048_20260716_101427/summary.csv,experiments/metric_ablation_olmoe_ppl_group2048_20260716_101427/routed_kurtosis/run.log,
summary,2026-07-16 13:38:34,allocation_metric_ablation_group2048,routed_tail,olmoe,routed_tail,"w4g-1-a4g-1,w5g-1-a8g-1,w6g-1-a8g-1",12.0,2048,2048,,,,,"w4g-1-a4g-1,w5g-1-a8g-1,w6g-1-a8g-1","0.234375,0.59375,0.171875",7.213685989379883,11.451031684875488,,,,,,,,,ok,experiments/metric_ablation_olmoe_ppl_group2048_20260716_101427,experiments/metric_ablation_olmoe_ppl_group2048_20260716_101427/summary.csv,experiments/metric_ablation_olmoe_ppl_group2048_20260716_101427/routed_tail/run.log,
summary,2026-07-16 13:38:34,allocation_metric_ablation_group2048,tail,olmoe,tail,"w4g-1-a4g-1,w5g-1-a8g-1,w6g-1-a8g-1",12.0,2048,2048,,,,,"w4g-1-a4g-1,w5g-1-a8g-1,w6g-1-a8g-1","0.234375,0.59375,0.171875",7.252636909484863,11.480818748474121,,,,,,,,,ok,experiments/metric_ablation_olmoe_ppl_group2048_20260716_101427,experiments/metric_ablation_olmoe_ppl_group2048_20260716_101427/summary.csv,experiments/metric_ablation_olmoe_ppl_group2048_20260716_101427/tail/run.log,
summary,2026-07-14 17:27:01,allocation_source_ablation,down_only,olmoe,,"w4g-1-a4g-1,w5g-1-a8g-1,w6g-1-a8g-1",12.0,1,,,,,,"w4g-1-a4g-1,w5g-1-a8g-1,w6g-1-a8g-1","0.234375,0.59375,0.171875",6.978175163269043,11.191915512084961,,,,,,,,,ok,experiments/down_weight_projection_ablation_olmoe_ppl_20260714_153309,experiments/down_weight_projection_ablation_olmoe_ppl_20260714_153309/summary.csv,,
summary,2026-07-14 17:27:01,allocation_source_ablation,weight_all_only,olmoe,,"w4g-1-a4g-1,w5g-1-a8g-1,w6g-1-a8g-1",12.0,1,,,,,,"w4g-1-a4g-1,w5g-1-a8g-1,w6g-1-a8g-1","0.234375,0.59375,0.171875",6.903326511383057,11.132387161254883,,,,,,,,,ok,experiments/down_weight_projection_ablation_olmoe_ppl_20260714_153309,experiments/down_weight_projection_ablation_olmoe_ppl_20260714_153309/summary.csv,,
summary,2026-07-14 17:27:01,allocation_source_ablation,weight_down_only,olmoe,,"w4g-1-a4g-1,w5g-1-a8g-1,w6g-1-a8g-1",12.0,1,,,,,,"w4g-1-a4g-1,w5g-1-a8g-1,w6g-1-a8g-1","0.234375,0.59375,0.171875",6.905156135559082,11.13119888305664,,,,,,,,,ok,experiments/down_weight_projection_ablation_olmoe_ppl_20260714_153309,experiments/down_weight_projection_ablation_olmoe_ppl_20260714_153309/summary.csv,,
summary,2026-07-14 17:27:01,allocation_source_ablation,weight_gate_only,olmoe,,"w4g-1-a4g-1,w5g-1-a8g-1,w6g-1-a8g-1",12.0,1,,,,,,"w4g-1-a4g-1,w5g-1-a8g-1,w6g-1-a8g-1","0.234375,0.59375,0.171875",6.987210273742676,11.176257133483887,,,,,,,,,ok,experiments/down_weight_projection_ablation_olmoe_ppl_20260714_153309,experiments/down_weight_projection_ablation_olmoe_ppl_20260714_153309/summary.csv,,
summary,2026-07-14 17:27:01,allocation_source_ablation,weight_up_only,olmoe,,"w4g-1-a4g-1,w5g-1-a8g-1,w6g-1-a8g-1",12.0,1,,,,,,"w4g-1-a4g-1,w5g-1-a8g-1,w6g-1-a8g-1","0.234375,0.59375,0.171875",6.94004487991333,11.197680473327637,,,,,,,,,ok,experiments/down_weight_projection_ablation_olmoe_ppl_20260714_153309,experiments/down_weight_projection_ablation_olmoe_ppl_20260714_153309/summary.csv,,
summary,2026-07-19 01:01:09,aw_budget_downstream_qwen_group2048,aw11,qwen,routed_tail,"w4g-1-a4g-1,w4g-1-a8g-1",11,2048,2048,64,w8a8,smooth_scale,,"w4g-1-a4g-1,w4g-1-a8g-1","0.25,0.75",8.303295135498047,10.765962600708008,0.6375025923761154,0.6738031108513385,0.4189419795221843,0.7184343434343434,0.7666666666666667,0.456,0.794885745375408,0.67008681925809,ok,experiments/qwen_aw11_aw13_routed_tail_downstream_group2048_20260718_174743,experiments/qwen_aw11_aw13_routed_tail_downstream_group2048_20260718_174743/summary.csv,experiments/qwen_aw11_aw13_routed_tail_downstream_group2048_20260718_174743/aw11/run.log,
summary,2026-07-19 01:01:09,aw_budget_downstream_qwen_group2048,aw13,qwen,routed_tail,"w4g-1-a4g-1,w5g-1-a8g-1,w6g-1-a8g-1",13,2048,2048,64,w8a8,smooth_scale,,"w4g-1-a4g-1,w5g-1-a8g-1,w6g-1-a8g-1","0.0625,0.625,0.3125",8.24215030670166,10.661438941955566,0.6406913268863167,0.68042959226358,0.4274744027303754,0.7222222222222222,0.7767584097859327,0.442,0.8008705114254625,0.6748224151539068,ok,experiments/qwen_aw11_aw13_routed_tail_downstream_group2048_20260718_174743,experiments/qwen_aw11_aw13_routed_tail_downstream_group2048_20260718_174743/summary.csv,experiments/qwen_aw11_aw13_routed_tail_downstream_group2048_20260718_174743/aw13/run.log,
summary,2026-07-18 15:22:46,aw_budget_sweep_olmoe_group2048,aw10,olmoe,routed_tail,"w4g-1-a4g-1,w4g-1-a8g-1",10,2048,2048,64,w8a8,smooth_scale,,"w4g-1-a4g-1,w4g-1-a8g-1","0.5,0.5",7.530273914337158,11.689005851745605,,,,,,,,,ok,experiments/aw_budget_sweep_routed_tail_olmoe_group2048_20260718_082538,experiments/aw_budget_sweep_routed_tail_olmoe_group2048_20260718_082538/summary.csv,experiments/aw_budget_sweep_routed_tail_olmoe_group2048_20260718_082538/aw10/run.log,
summary,2026-07-18 15:22:46,aw_budget_sweep_olmoe_group2048,aw11,olmoe,routed_tail,"w4g-1-a4g-1,w4g-1-a8g-1",11,2048,2048,64,w8a8,smooth_scale,,"w4g-1-a4g-1,w4g-1-a8g-1","0.25,0.75",7.39367151260376,11.570201873779297,0.6380816617931427,0.6752979941517714,0.47696245733788395,0.7596801346801347,0.6660550458715596,0.452,0.7910772578890098,0.6827150749802684,ok,experiments/aw_budget_sweep_routed_tail_olmoe_group2048_20260718_082538,experiments/aw_budget_sweep_routed_tail_olmoe_group2048_20260718_082538/summary.csv,experiments/aw_budget_sweep_routed_tail_olmoe_group2048_20260718_082538/aw11/run.log,
summary,2026-07-18 15:22:46,aw_budget_sweep_olmoe_group2048,aw12,olmoe,routed_tail,"w4g-1-a4g-1,w5g-1-a8g-1,w6g-1-a8g-1",12,2048,2048,64,w8a8,smooth_scale,,"w4g-1-a4g-1,w5g-1-a8g-1,w6g-1-a8g-1","0.234375,0.59375,0.171875",7.213685989379883,11.451031684875488,,,,,,,,,ok,experiments/aw_budget_sweep_routed_tail_olmoe_group2048_20260718_082538,experiments/aw_budget_sweep_routed_tail_olmoe_group2048_20260718_082538/summary.csv,experiments/aw_budget_sweep_routed_tail_olmoe_group2048_20260718_082538/aw12/run.log,
summary,2026-07-18 15:22:46,aw_budget_sweep_olmoe_group2048,aw13,olmoe,routed_tail,"w4g-1-a4g-1,w5g-1-a8g-1,w6g-1-a8g-1",13,2048,2048,64,w8a8,smooth_scale,,"w4g-1-a4g-1,w5g-1-a8g-1,w6g-1-a8g-1","0.0625,0.625,0.3125",7.176571369171143,11.45138168334961,0.6479674614510954,0.6863609537413145,0.49146757679180886,0.7697811447811448,0.691131498470948,0.456,0.794341675734494,0.6850828729281768,ok,experiments/aw_budget_sweep_routed_tail_olmoe_group2048_20260718_082538,experiments/aw_budget_sweep_routed_tail_olmoe_group2048_20260718_082538/summary.csv,experiments/aw_budget_sweep_routed_tail_olmoe_group2048_20260718_082538/aw13/run.log,
summary,2026-07-18 15:22:46,aw_budget_sweep_olmoe_group2048,aw14,olmoe,routed_tail,"w6g-1-a8g-1,w6g-1-a8g-1",14,2048,2048,64,w8a8,smooth_scale,,"w6g-1-a8g-1,w6g-1-a8g-1","1.0,0.0",7.1532063484191895,11.407389640808105,,,,,,,,,ok,experiments/aw_budget_sweep_routed_tail_olmoe_group2048_20260718_082538,experiments/aw_budget_sweep_routed_tail_olmoe_group2048_20260718_082538/summary.csv,experiments/aw_budget_sweep_routed_tail_olmoe_group2048_20260718_082538/aw14/run.log,
summary,2026-07-18 15:22:46,aw_budget_sweep_olmoe_group2048,aw15,olmoe,routed_tail,"w6g-1-a8g-1,w8g-1-a8g-1",15,2048,2048,64,w8a8,smooth_scale,,"w6g-1-a8g-1,w8g-1-a8g-1","0.5,0.5",7.140942573547363,11.402082443237305,,,,,,,,,ok,experiments/aw_budget_sweep_routed_tail_olmoe_group2048_20260718_082538,experiments/aw_budget_sweep_routed_tail_olmoe_group2048_20260718_082538/summary.csv,experiments/aw_budget_sweep_routed_tail_olmoe_group2048_20260718_082538/aw15/run.log,
summary,2026-07-18 15:22:46,aw_budget_sweep_olmoe_group2048,aw16,olmoe,routed_tail,"w8g-1-a8g-1,w8g-1-a8g-1",16,2048,2048,64,w8a8,smooth_scale,,"w8g-1-a8g-1,w8g-1-a8g-1","1.0,0.0",7.142786026000977,11.401777267456055,,,,,,,,,ok,experiments/aw_budget_sweep_routed_tail_olmoe_group2048_20260718_082538,experiments/aw_budget_sweep_routed_tail_olmoe_group2048_20260718_082538/summary.csv,experiments/aw_budget_sweep_routed_tail_olmoe_group2048_20260718_082538/aw16/run.log,
summary,2026-07-16 22:53:24,core_component_ablation_group2048,allocation_only,,routed_tail,"w4g-1-a4g-1,w5g-1-a8g-1,w6g-1-a8g-1",12.0,2048,2048,0,same,smooth_scale,1,"w4g-1-a4g-1,w5g-1-a8g-1,w6g-1-a8g-1","0.234375,0.59375,0.171875",7.473001956939697,11.702524185180664,,,,,,,,,ok,experiments/remaining_ablation_suite_20260716_210440/component,experiments/remaining_ablation_suite_20260716_210440/component/summary.csv,experiments/remaining_ablation_suite_20260716_210440/component/allocation_only/run.log,
summary,2026-07-16 22:53:24,core_component_ablation_group2048,full_method,,routed_tail,"w4g-1-a4g-1,w5g-1-a8g-1,w6g-1-a8g-1",12.0,2048,2048,64,w8a8,smooth_scale,1,"w4g-1-a4g-1,w5g-1-a8g-1,w6g-1-a8g-1","0.234375,0.59375,0.171875",7.213685989379883,11.451031684875488,,,,,,,,,ok,experiments/remaining_ablation_suite_20260716_210440/component,experiments/remaining_ablation_suite_20260716_210440/component/summary.csv,experiments/remaining_ablation_suite_20260716_210440/component/full_method/run.log,
summary,2026-07-16 22:53:24,core_component_ablation_group2048,no_gateup_rotation,,routed_tail,"w4g-1-a8g-1,w4g-1-a8g-1",12.0,2048,2048,0,same,smooth_scale,1,"w4g-1-a8g-1,w4g-1-a8g-1","1.0,0.0",8.325549125671387,12.445255279541016,,,,,,,,,ok,experiments/remaining_ablation_suite_20260716_210440/component,experiments/remaining_ablation_suite_20260716_210440/component/summary.csv,experiments/remaining_ablation_suite_20260716_210440/component/no_gateup_rotation/run.log,
summary,2026-07-16 22:53:24,core_component_ablation_group2048,ose_only,,routed_tail,"w4g-1-a8g-1,w4g-1-a8g-1",12.0,2048,2048,64,w8a8,smooth_scale,1,"w4g-1-a8g-1,w4g-1-a8g-1","1.0,0.0",7.374896049499512,11.557584762573242,,,,,,,,,ok,experiments/remaining_ablation_suite_20260716_210440/component,experiments/remaining_ablation_suite_20260716_210440/component/summary.csv,experiments/remaining_ablation_suite_20260716_210440/component/ose_only/run.log,
summary,2026-07-16 22:53:24,core_component_ablation_group2048,ose_random_same_budget,,random,"w4g-1-a4g-1,w5g-1-a8g-1,w6g-1-a8g-1",12.0,2048,2048,64,w8a8,smooth_scale,1,"w4g-1-a4g-1,w5g-1-a8g-1,w6g-1-a8g-1","0.234375,0.59375,0.171875",7.332934856414795,11.553793907165527,,,,,,,,,ok,experiments/remaining_ablation_suite_20260716_210440/component,experiments/remaining_ablation_suite_20260716_210440/component/summary.csv,experiments/remaining_ablation_suite_20260716_210440/component/ose_random_same_budget/run.log,
summary,2026-07-19 19:01:18,eaquant_act_per_tensor_group1,eaquant_act_per_tensor,olmoe,,W4A8 Rw8a8,,1,1,0,,,0,,,7.056738376617432,11.192534446716309,,,,,,,,,ok,experiments/eaquant_act_per_tensor_olmoe_ppl_20260719_183338,experiments/eaquant_act_per_tensor_olmoe_ppl_20260719_183338/summary.csv,experiments/eaquant_act_per_tensor_olmoe_ppl_20260719_183338/run.log,experiments/eaquant_act_per_tensor_olmoe_ppl_20260719_183338/output/olmoe_compat_w4a8_Rw8a8/log_rank0_1784457221.txt
summary,2026-07-18 03:41:10,final_routed_tail_downstream_group2048,olmoe_final_routed_tail_group2048,olmoe,routed_tail,"w4g-1-a4g-1,w5g-1-a8g-1,w6g-1-a8g-1",,2048,2048,64,w8a8,smooth_scale,,"w4g-1-a4g-1,w5g-1-a8g-1,w6g-1-a8g-1","0.234375,0.59375,0.171875",7.213685989379883,11.451031684875488,0.645657569574461,0.6843890834893532,0.48293515358361777,0.7680976430976431,0.6859327217125383,0.452,0.7872687704026116,0.6977111286503551,ok,experiments/final_routed_tail_downstream_group2048_20260717_213819,experiments/final_routed_tail_downstream_group2048_20260717_213819/summary.csv,experiments/final_routed_tail_downstream_group2048_20260717_213819/olmoe_final_routed_tail_group2048/run.log,
summary,2026-07-18 03:41:10,final_routed_tail_downstream_group2048,qwen_final_routed_tail_group2048,qwen,routed_tail,"w4g-1-a4g-1,w5g-1-a8g-1,w6g-1-a8g-1",,2048,2048,64,w8a8,smooth_scale,,"w4g-1-a4g-1,w5g-1-a8g-1,w6g-1-a8g-1","0.234375,0.59375,0.171875",8.249044418334961,10.70449447631836,0.6392333808418726,0.6762800570102472,0.4283276450511945,0.7196969696969697,0.7779816513761468,0.454,0.7916213275299239,0.6637726913970008,ok,experiments/final_routed_tail_downstream_group2048_20260717_213819,experiments/final_routed_tail_downstream_group2048_20260717_213819/summary.csv,experiments/final_routed_tail_downstream_group2048_20260717_213819/qwen_final_routed_tail_group2048/run.log,
summary,2026-07-20 02:17:04,gateup_duquant_vs_ose_repeat_group2048,full_duquant,olmoe,,,,1,,0,same,smooth_scale,0,,,7.30065393447876,11.562039375305176,,,,,,,,,ok,experiments/gateup_duquant_vs_ose_repeated_olmoe_fixed_20260719_221758,experiments/gateup_duquant_vs_ose_repeated_olmoe_fixed_20260719_221758/summary.csv,experiments/gateup_duquant_vs_ose_repeated_olmoe_fixed_20260719_221758/full_duquant/repeat_1/run.log,experiments/gateup_duquant_vs_ose_repeated_olmoe_fixed_20260719_221758/full_duquant/repeat_1/output/olmoe_compat_w4a8_Rw8a8/log_rank0_1784470680.txt
summary,2026-07-20 02:17:04,gateup_duquant_vs_ose_repeat_group2048,no_gateup_no_ose,olmoe,,,,1,,0,same,smooth_scale,1,,,7.474799633026123,11.700515747070312,,,,,,,,,ok,experiments/gateup_duquant_vs_ose_repeated_olmoe_fixed_20260719_221758,experiments/gateup_duquant_vs_ose_repeated_olmoe_fixed_20260719_221758/summary.csv,experiments/gateup_duquant_vs_ose_repeated_olmoe_fixed_20260719_221758/no_gateup_no_ose/repeat_1/run.log,experiments/gateup_duquant_vs_ose_repeated_olmoe_fixed_20260719_221758/no_gateup_no_ose/repeat_1/output/olmoe_compat_w4a8_Rw8a8/log_rank0_1784472049.txt
summary,2026-07-20 02:17:04,gateup_duquant_vs_ose_repeat_group2048,ours_ose_fp16,olmoe,,,,1,,64,fp16,smooth_scale,1,,,7.2250165939331055,11.453522682189941,,,,,,,,,ok,experiments/gateup_duquant_vs_ose_repeated_olmoe_fixed_20260719_221758,experiments/gateup_duquant_vs_ose_repeated_olmoe_fixed_20260719_221758/summary.csv,experiments/gateup_duquant_vs_ose_repeated_olmoe_fixed_20260719_221758/ours_ose_fp16/repeat_1/run.log,experiments/gateup_duquant_vs_ose_repeated_olmoe_fixed_20260719_221758/ours_ose_fp16/repeat_1/output/olmoe_compat_w4a8_Rw8a8/log_rank0_1784474337.txt
summary,2026-07-20 02:17:04,gateup_duquant_vs_ose_repeat_group2048,ours_ose_w8a8,olmoe,,,,1,,64,w8a8,smooth_scale,1,,,7.213685989379883,11.451031684875488,,,,,,,,,ok,experiments/gateup_duquant_vs_ose_repeated_olmoe_fixed_20260719_221758,experiments/gateup_duquant_vs_ose_repeated_olmoe_fixed_20260719_221758/summary.csv,experiments/gateup_duquant_vs_ose_repeated_olmoe_fixed_20260719_221758/ours_ose_w8a8/repeat_1/run.log,experiments/gateup_duquant_vs_ose_repeated_olmoe_fixed_20260719_221758/ours_ose_w8a8/repeat_1/output/olmoe_compat_w4a8_Rw8a8/log_rank0_1784473061.txt
summary,2026-07-17 00:37:31,ose_precision_ablation_group2048,ose_fp16,,routed_tail,"w4g-1-a4g-1,w5g-1-a8g-1,w6g-1-a8g-1",12.0,2048,2048,64,fp16,smooth_scale,,"w4g-1-a4g-1,w5g-1-a8g-1,w6g-1-a8g-1","0.234375,0.59375,0.171875",7.2250165939331055,11.453522682189941,,,,,,,,,ok,experiments/remaining_ablation_suite_20260716_210440/ose_precision,experiments/remaining_ablation_suite_20260716_210440/ose_precision/summary.csv,experiments/remaining_ablation_suite_20260716_210440/ose_precision/ose_fp16/run.log,
summary,2026-07-17 00:37:31,ose_precision_ablation_group2048,ose_same,,routed_tail,"w4g-1-a4g-1,w5g-1-a8g-1,w6g-1-a8g-1",12.0,2048,2048,64,same,smooth_scale,,"w4g-1-a4g-1,w5g-1-a8g-1,w6g-1-a8g-1","0.234375,0.59375,0.171875",7.278408050537109,11.528127670288086,,,,,,,,,ok,experiments/remaining_ablation_suite_20260716_210440/ose_precision,experiments/remaining_ablation_suite_20260716_210440/ose_precision/summary.csv,experiments/remaining_ablation_suite_20260716_210440/ose_precision/ose_same/run.log,
summary,2026-07-17 00:37:31,ose_precision_ablation_group2048,ose_w16a16,,routed_tail,"w4g-1-a4g-1,w5g-1-a8g-1,w6g-1-a8g-1",12.0,2048,2048,64,w16a16,smooth_scale,,"w4g-1-a4g-1,w5g-1-a8g-1,w6g-1-a8g-1","0.234375,0.59375,0.171875",7.2250165939331055,11.453522682189941,,,,,,,,,ok,experiments/remaining_ablation_suite_20260716_210440/ose_precision,experiments/remaining_ablation_suite_20260716_210440/ose_precision/summary.csv,experiments/remaining_ablation_suite_20260716_210440/ose_precision/ose_w16a16/run.log,
summary,2026-07-17 00:37:31,ose_precision_ablation_group2048,ose_w4a4,,routed_tail,"w4g-1-a4g-1,w5g-1-a8g-1,w6g-1-a8g-1",12.0,2048,2048,64,w4a4,smooth_scale,,"w4g-1-a4g-1,w5g-1-a8g-1,w6g-1-a8g-1","0.234375,0.59375,0.171875",7.262635707855225,11.521576881408691,,,,,,,,,ok,experiments/remaining_ablation_suite_20260716_210440/ose_precision,experiments/remaining_ablation_suite_20260716_210440/ose_precision/summary.csv,experiments/remaining_ablation_suite_20260716_210440/ose_precision/ose_w4a4/run.log,
summary,2026-07-17 00:37:31,ose_precision_ablation_group2048,ose_w8a8,,routed_tail,"w4g-1-a4g-1,w5g-1-a8g-1,w6g-1-a8g-1",12.0,2048,2048,64,w8a8,smooth_scale,,"w4g-1-a4g-1,w5g-1-a8g-1,w6g-1-a8g-1","0.234375,0.59375,0.171875",7.213685989379883,11.451031684875488,,,,,,,,,ok,experiments/remaining_ablation_suite_20260716_210440/ose_precision,experiments/remaining_ablation_suite_20260716_210440/ose_precision/summary.csv,experiments/remaining_ablation_suite_20260716_210440/ose_precision/ose_w8a8/run.log,
summary,2026-07-17 01:47:12,ose_score_ablation_group2048,score_smooth_scale,,routed_tail,"w4g-1-a4g-1,w5g-1-a8g-1,w6g-1-a8g-1",12.0,2048,2048,64,w8a8,smooth_scale,,"w4g-1-a4g-1,w5g-1-a8g-1,w6g-1-a8g-1","0.234375,0.59375,0.171875",7.213685989379883,11.451031684875488,,,,,,,,,ok,experiments/remaining_ablation_suite_20260716_210440/ose_score,experiments/remaining_ablation_suite_20260716_210440/ose_score/summary.csv,experiments/remaining_ablation_suite_20260716_210440/ose_score/score_smooth_scale/run.log,
summary,2026-07-17 01:47:12,ose_score_ablation_group2048,score_weight_error,,routed_tail,"w4g-1-a4g-1,w5g-1-a8g-1,w6g-1-a8g-1",12.0,2048,2048,64,w8a8,weight_error,,"w4g-1-a4g-1,w5g-1-a8g-1,w6g-1-a8g-1","0.234375,0.59375,0.171875",7.238611221313477,11.4657621383667,,,,,,,,,ok,experiments/remaining_ablation_suite_20260716_210440/ose_score,experiments/remaining_ablation_suite_20260716_210440/ose_score/summary.csv,experiments/remaining_ablation_suite_20260716_210440/ose_score/score_weight_error/run.log,
summary,2026-07-17 01:47:12,ose_score_ablation_group2048,score_weight_max,,routed_tail,"w4g-1-a4g-1,w5g-1-a8g-1,w6g-1-a8g-1",12.0,2048,2048,64,w8a8,weight_max,,"w4g-1-a4g-1,w5g-1-a8g-1,w6g-1-a8g-1","0.234375,0.59375,0.171875",7.249197483062744,11.444263458251953,,,,,,,,,ok,experiments/remaining_ablation_suite_20260716_210440/ose_score,experiments/remaining_ablation_suite_20260716_210440/ose_score/summary.csv,experiments/remaining_ablation_suite_20260716_210440/ose_score/score_weight_max/run.log,
summary,2026-07-16 19:30:59,ose_topk_ablation_group2048,topk_0,olmoe,routed_tail,"w4g-1-a4g-1,w5g-1-a8g-1,w6g-1-a8g-1",12.0,2048,2048,0,w8a8,smooth_scale,,"w4g-1-a4g-1,w5g-1-a8g-1,w6g-1-a8g-1","0.234375,0.59375,0.171875",7.473001956939697,11.702524185180664,,,,,,,,,ok,experiments/ose_topk_routed_tail_olmoe_ppl_group2048_20260716_171710,experiments/ose_topk_routed_tail_olmoe_ppl_group2048_20260716_171710/summary.csv,experiments/ose_topk_routed_tail_olmoe_ppl_group2048_20260716_171710/topk_0/run.log,
summary,2026-07-16 19:30:59,ose_topk_ablation_group2048,topk_128,olmoe,routed_tail,"w4g-1-a4g-1,w5g-1-a8g-1,w6g-1-a8g-1",12.0,2048,2048,128,w8a8,smooth_scale,,"w4g-1-a4g-1,w5g-1-a8g-1,w6g-1-a8g-1","0.234375,0.59375,0.171875",7.254205226898193,11.480993270874023,,,,,,,,,ok,experiments/ose_topk_routed_tail_olmoe_ppl_group2048_20260716_171710,experiments/ose_topk_routed_tail_olmoe_ppl_group2048_20260716_171710/summary.csv,experiments/ose_topk_routed_tail_olmoe_ppl_group2048_20260716_171710/topk_128/run.log,
summary,2026-07-16 19:30:59,ose_topk_ablation_group2048,topk_16,olmoe,routed_tail,"w4g-1-a4g-1,w5g-1-a8g-1,w6g-1-a8g-1",12.0,2048,2048,16,w8a8,smooth_scale,,"w4g-1-a4g-1,w5g-1-a8g-1,w6g-1-a8g-1","0.234375,0.59375,0.171875",7.329023838043213,11.534329414367676,,,,,,,,,ok,experiments/ose_topk_routed_tail_olmoe_ppl_group2048_20260716_171710,experiments/ose_topk_routed_tail_olmoe_ppl_group2048_20260716_171710/summary.csv,experiments/ose_topk_routed_tail_olmoe_ppl_group2048_20260716_171710/topk_16/run.log,
summary,2026-07-16 19:30:59,ose_topk_ablation_group2048,topk_256,olmoe,routed_tail,"w4g-1-a4g-1,w5g-1-a8g-1,w6g-1-a8g-1",12.0,2048,2048,256,w8a8,smooth_scale,,"w4g-1-a4g-1,w5g-1-a8g-1,w6g-1-a8g-1","0.234375,0.59375,0.171875",7.253876686096191,11.45203685760498,,,,,,,,,ok,experiments/ose_topk_routed_tail_olmoe_ppl_group2048_20260716_171710,experiments/ose_topk_routed_tail_olmoe_ppl_group2048_20260716_171710/summary.csv,experiments/ose_topk_routed_tail_olmoe_ppl_group2048_20260716_171710/topk_256/run.log,
summary,2026-07-16 19:30:59,ose_topk_ablation_group2048,topk_32,olmoe,routed_tail,"w4g-1-a4g-1,w5g-1-a8g-1,w6g-1-a8g-1",12.0,2048,2048,32,w8a8,smooth_scale,,"w4g-1-a4g-1,w5g-1-a8g-1,w6g-1-a8g-1","0.234375,0.59375,0.171875",7.307633876800537,11.515029907226562,,,,,,,,,ok,experiments/ose_topk_routed_tail_olmoe_ppl_group2048_20260716_171710,experiments/ose_topk_routed_tail_olmoe_ppl_group2048_20260716_171710/summary.csv,experiments/ose_topk_routed_tail_olmoe_ppl_group2048_20260716_171710/topk_32/run.log,
summary,2026-07-16 19:30:59,ose_topk_ablation_group2048,topk_64,olmoe,routed_tail,"w4g-1-a4g-1,w5g-1-a8g-1,w6g-1-a8g-1",12.0,2048,2048,64,w8a8,smooth_scale,,"w4g-1-a4g-1,w5g-1-a8g-1,w6g-1-a8g-1","0.234375,0.59375,0.171875",7.213685989379883,11.451031684875488,,,,,,,,,ok,experiments/ose_topk_routed_tail_olmoe_ppl_group2048_20260716_171710,experiments/ose_topk_routed_tail_olmoe_ppl_group2048_20260716_171710/summary.csv,experiments/ose_topk_routed_tail_olmoe_ppl_group2048_20260716_171710/topk_64/run.log,
summary,2026-07-15 21:24:01,range_route_ablation_group1,range,olmoe,range,"w4g-1-a4g-1,w5g-1-a8g-1,w6g-1-a8g-1",12.0,1,,,,,,"w4g-1-a4g-1,w5g-1-a8g-1,w6g-1-a8g-1","0.234375,0.59375,0.171875",6.969151973724365,11.159493446350098,,,,,,,,,ok,experiments/route_range_vs_range_olmoe_ppl_20260715_203839,experiments/route_range_vs_range_olmoe_ppl_20260715_203839/summary.csv,,
summary,2026-07-15 21:24:01,range_route_ablation_group1,route_range,olmoe,route_range,"w4g-1-a4g-1,w5g-1-a8g-1,w6g-1-a8g-1",12.0,1,,,,,,"w4g-1-a4g-1,w5g-1-a8g-1,w6g-1-a8g-1","0.234375,0.59375,0.171875",6.9023637771606445,11.131814002990723,,,,,,,,,ok,experiments/route_range_vs_range_olmoe_ppl_20260715_203839,experiments/route_range_vs_range_olmoe_ppl_20260715_203839/summary.csv,,
summary,2026-07-15 22:14:29,routed_metric_extra_group1,routed_kurtosis,olmoe,routed_kurtosis,,12.0,1,,,,,,,,6.977761745452881,11.19936752319336,,,,,,,,,ok,experiments/routed_tail_kurtosis_olmoe_ppl_20260715_213038,experiments/routed_tail_kurtosis_olmoe_ppl_20260715_213038/summary.csv,experiments/routed_tail_kurtosis_olmoe_ppl_20260715_213038/routed_kurtosis/run.log,
summary,2026-07-15 22:14:29,routed_metric_extra_group1,routed_tail,olmoe,routed_tail,,12.0,1,,,,,,,,6.925682067871094,11.183506965637207,,,,,,,,,ok,experiments/routed_tail_kurtosis_olmoe_ppl_20260715_213038,experiments/routed_tail_kurtosis_olmoe_ppl_20260715_213038/summary.csv,experiments/routed_tail_kurtosis_olmoe_ppl_20260715_213038/routed_tail/run.log,
summary,2026-07-16 00:37:33,tier_ablation_route_range_group1,2tier_w4a4_w5a8,olmoe,route_range,"w4g-1-a4g-1,w5g-1-a8g-1",11.984375,1,,,,,,"w4g-1-a4g-1,w5g-1-a8g-1","0.2,0.8",6.914627552032471,11.131453514099121,,,,,,,,,ok,experiments/tier_set_route_range_olmoe_ppl_20260715_222215,experiments/tier_set_route_range_olmoe_ppl_20260715_222215/summary.csv,,
summary,2026-07-16 00:37:33,tier_ablation_route_range_group1,2tier_w4a4_w6a8,olmoe,route_range,"w4g-1-a4g-1,w6g-1-a8g-1",12.03125,1,,,,,,"w4g-1-a4g-1,w6g-1-a8g-1","0.333333333333,0.666666666667",6.981315612792969,11.205670356750488,,,,,,,,,ok,experiments/tier_set_route_range_olmoe_ppl_20260715_222215,experiments/tier_set_route_range_olmoe_ppl_20260715_222215/summary.csv,,
summary,2026-07-16 00:37:33,tier_ablation_route_range_group1,2tier_w4a4_w8a8,olmoe,route_range,"w4g-1-a4g-1,w8g-1-a8g-1",12.0,1,,,,,,"w4g-1-a4g-1,w8g-1-a8g-1","0.5,0.5",7.049138069152832,11.282513618469238,,,,,,,,,ok,experiments/tier_set_route_range_olmoe_ppl_20260715_222215,experiments/tier_set_route_range_olmoe_ppl_20260715_222215/summary.csv,,
summary,2026-07-16 00:37:33,tier_ablation_route_range_group1,3tier_w4a4_w5a8_w6a8,olmoe,route_range,"w4g-1-a4g-1,w5g-1-a8g-1,w6g-1-a8g-1",12.0,1,,,,,,"w4g-1-a4g-1,w5g-1-a8g-1,w6g-1-a8g-1","0.234375,0.59375,0.171875",6.9023637771606445,11.131814002990723,,,,,,,,,ok,experiments/tier_set_route_range_olmoe_ppl_20260715_222215,experiments/tier_set_route_range_olmoe_ppl_20260715_222215/summary.csv,,
summary,2026-07-16 00:37:33,tier_ablation_route_range_group1,4tier_add_w4a8,olmoe,route_range,"w4g-1-a4g-1,w4g-1-a8g-1,w5g-1-a8g-1,w6g-1-a8g-1",12.0,1,,,,,,"w4g-1-a4g-1,w4g-1-a8g-1,w5g-1-a8g-1,w6g-1-a8g-1","0.2,0.1,0.6,0.1",6.909517288208008,11.139057159423828,,,,,,,,,ok,experiments/tier_set_route_range_olmoe_ppl_20260715_222215,experiments/tier_set_route_range_olmoe_ppl_20260715_222215/summary.csv,,
summary,2026-07-16 00:37:33,tier_ablation_route_range_group1,5tier_add_w8a8,olmoe,route_range,"w4g-1-a4g-1,w4g-1-a8g-1,w5g-1-a8g-1,w6g-1-a8g-1,w8g-1-a8g-1",11.953125,1,,,,,,"w4g-1-a4g-1,w4g-1-a8g-1,w5g-1-a8g-1,w6g-1-a8g-1,w8g-1-a8g-1","0.15,0.5,0.2,0.1,0.05",6.954970836639404,11.178303718566895,,,,,,,,,ok,experiments/tier_set_route_range_olmoe_ppl_20260715_222215,experiments/tier_set_route_range_olmoe_ppl_20260715_222215/summary.csv,,
summary,2026-07-16 16:52:36,tier_ablation_routed_tail_group2048,2tier_w4a4_w5a8,olmoe,routed_tail,"w4g-1-a4g-1,w5g-1-a8g-1",11.984375,2048,2048,,,,,"w4g-1-a4g-1,w5g-1-a8g-1","0.2,0.8",7.226983070373535,11.447843551635742,,,,,,,,,ok,experiments/tier_set_routed_tail_olmoe_ppl_group2048_20260716_143501,experiments/tier_set_routed_tail_olmoe_ppl_group2048_20260716_143501/summary.csv,experiments/tier_set_routed_tail_olmoe_ppl_group2048_20260716_143501/2tier_w4a4_w5a8/run.log,
summary,2026-07-16 16:52:36,tier_ablation_routed_tail_group2048,2tier_w4a4_w6a8,olmoe,routed_tail,"w4g-1-a4g-1,w6g-1-a8g-1",12.03125,2048,2048,,,,,"w4g-1-a4g-1,w6g-1-a8g-1","0.333333333333,0.666666666667",7.255470275878906,11.498920440673828,,,,,,,,,ok,experiments/tier_set_routed_tail_olmoe_ppl_group2048_20260716_143501,experiments/tier_set_routed_tail_olmoe_ppl_group2048_20260716_143501/summary.csv,experiments/tier_set_routed_tail_olmoe_ppl_group2048_20260716_143501/2tier_w4a4_w6a8/run.log,
summary,2026-07-16 16:52:36,tier_ablation_routed_tail_group2048,2tier_w4a4_w8a8,olmoe,routed_tail,"w4g-1-a4g-1,w8g-1-a8g-1",12.0,2048,2048,,,,,"w4g-1-a4g-1,w8g-1-a8g-1","0.5,0.5",7.33296012878418,11.564200401306152,,,,,,,,,ok,experiments/tier_set_routed_tail_olmoe_ppl_group2048_20260716_143501,experiments/tier_set_routed_tail_olmoe_ppl_group2048_20260716_143501/summary.csv,experiments/tier_set_routed_tail_olmoe_ppl_group2048_20260716_143501/2tier_w4a4_w8a8/run.log,
summary,2026-07-16 16:52:36,tier_ablation_routed_tail_group2048,3tier_w4a4_w5a8_w6a8,olmoe,routed_tail,"w4g-1-a4g-1,w5g-1-a8g-1,w6g-1-a8g-1",12.0,2048,2048,,,,,"w4g-1-a4g-1,w5g-1-a8g-1,w6g-1-a8g-1","0.234375,0.59375,0.171875",7.213685989379883,11.451031684875488,,,,,,,,,ok,experiments/tier_set_routed_tail_olmoe_ppl_group2048_20260716_143501,experiments/tier_set_routed_tail_olmoe_ppl_group2048_20260716_143501/summary.csv,experiments/tier_set_routed_tail_olmoe_ppl_group2048_20260716_143501/3tier_w4a4_w5a8_w6a8/run.log,
summary,2026-07-16 16:52:36,tier_ablation_routed_tail_group2048,4tier_add_w4a8,olmoe,routed_tail,"w4g-1-a4g-1,w4g-1-a8g-1,w5g-1-a8g-1,w6g-1-a8g-1",12.0,2048,2048,,,,,"w4g-1-a4g-1,w4g-1-a8g-1,w5g-1-a8g-1,w6g-1-a8g-1","0.2,0.1,0.6,0.1",7.219425201416016,11.447669982910156,,,,,,,,,ok,experiments/tier_set_routed_tail_olmoe_ppl_group2048_20260716_143501,experiments/tier_set_routed_tail_olmoe_ppl_group2048_20260716_143501/summary.csv,experiments/tier_set_routed_tail_olmoe_ppl_group2048_20260716_143501/4tier_add_w4a8/run.log,
summary,2026-07-16 16:52:36,tier_ablation_routed_tail_group2048,5tier_add_w8a8,olmoe,routed_tail,"w4g-1-a4g-1,w4g-1-a8g-1,w5g-1-a8g-1,w6g-1-a8g-1,w8g-1-a8g-1",11.953125,2048,2048,,,,,"w4g-1-a4g-1,w4g-1-a8g-1,w5g-1-a8g-1,w6g-1-a8g-1,w8g-1-a8g-1","0.15,0.5,0.2,0.1,0.05",7.2418437004089355,11.480423927307129,,,,,,,,,ok,experiments/tier_set_routed_tail_olmoe_ppl_group2048_20260716_143501,experiments/tier_set_routed_tail_olmoe_ppl_group2048_20260716_143501/summary.csv,experiments/tier_set_routed_tail_olmoe_ppl_group2048_20260716_143501/5tier_add_w8a8/run.log,
summary,2026-07-17 14:07:46,weight_group_size_scan_routed_tail,routed_tail,olmoe,routed_tail,"w4g-1-a4g-1,w5g-1-a8g-1,w6g-1-a8g-1",12.0,1,,64,w8a8,smooth_scale,,"w4g-1-a4g-1,w5g-1-a8g-1,w6g-1-a8g-1","0.234375,0.59375,0.171875",6.925682067871094,11.183506965637207,,,,,,,,,ok,experiments/group_size_scan_routed_tail_olmoe_ppl_20260717_104032,experiments/group_size_scan_routed_tail_olmoe_ppl_20260717_104032/summary.csv,experiments/group_size_scan_routed_tail_olmoe_ppl_20260717_104032/group_1/run.log,
summary,2026-07-17 14:07:46,weight_group_size_scan_routed_tail,routed_tail,olmoe,routed_tail,"w4g-1-a4g-1,w5g-1-a8g-1,w6g-1-a8g-1",12.0,1024,,64,w8a8,smooth_scale,,"w4g-1-a4g-1,w5g-1-a8g-1,w6g-1-a8g-1","0.234375,0.59375,0.171875",7.20028829574585,11.403278350830078,,,,,,,,,ok,experiments/group_size_scan_routed_tail_olmoe_ppl_20260717_104032,experiments/group_size_scan_routed_tail_olmoe_ppl_20260717_104032/summary.csv,experiments/group_size_scan_routed_tail_olmoe_ppl_20260717_104032/group_1024/run.log,
summary,2026-07-17 14:07:46,weight_group_size_scan_routed_tail,routed_tail,olmoe,routed_tail,"w4g-1-a4g-1,w5g-1-a8g-1,w6g-1-a8g-1",12.0,128,,64,w8a8,smooth_scale,,"w4g-1-a4g-1,w5g-1-a8g-1,w6g-1-a8g-1","0.234375,0.59375,0.171875",7.00529146194458,11.229185104370117,,,,,,,,,ok,experiments/group_size_scan_routed_tail_olmoe_ppl_20260717_104032,experiments/group_size_scan_routed_tail_olmoe_ppl_20260717_104032/summary.csv,experiments/group_size_scan_routed_tail_olmoe_ppl_20260717_104032/group_128/run.log,
summary,2026-07-17 14:07:46,weight_group_size_scan_routed_tail,routed_tail,olmoe,routed_tail,"w4g-1-a4g-1,w5g-1-a8g-1,w6g-1-a8g-1",12.0,16,,64,w8a8,smooth_scale,,"w4g-1-a4g-1,w5g-1-a8g-1,w6g-1-a8g-1","0.234375,0.59375,0.171875",6.916050910949707,11.187454223632812,,,,,,,,,ok,experiments/group_size_scan_routed_tail_olmoe_ppl_20260717_104032,experiments/group_size_scan_routed_tail_olmoe_ppl_20260717_104032/summary.csv,experiments/group_size_scan_routed_tail_olmoe_ppl_20260717_104032/group_16/run.log,
summary,2026-07-17 14:07:46,weight_group_size_scan_routed_tail,routed_tail,olmoe,routed_tail,"w4g-1-a4g-1,w5g-1-a8g-1,w6g-1-a8g-1",12.0,2048,,64,w8a8,smooth_scale,,"w4g-1-a4g-1,w5g-1-a8g-1,w6g-1-a8g-1","0.234375,0.59375,0.171875",7.213685989379883,11.451031684875488,,,,,,,,,ok,experiments/group_size_scan_routed_tail_olmoe_ppl_20260717_104032,experiments/group_size_scan_routed_tail_olmoe_ppl_20260717_104032/summary.csv,experiments/group_size_scan_routed_tail_olmoe_ppl_20260717_104032/group_2048/run.log,
summary,2026-07-17 14:07:46,weight_group_size_scan_routed_tail,routed_tail,olmoe,routed_tail,"w4g-1-a4g-1,w5g-1-a8g-1,w6g-1-a8g-1",12.0,256,,64,w8a8,smooth_scale,,"w4g-1-a4g-1,w5g-1-a8g-1,w6g-1-a8g-1","0.234375,0.59375,0.171875",7.033175468444824,11.280038833618164,,,,,,,,,ok,experiments/group_size_scan_routed_tail_olmoe_ppl_20260717_104032,experiments/group_size_scan_routed_tail_olmoe_ppl_20260717_104032/summary.csv,experiments/group_size_scan_routed_tail_olmoe_ppl_20260717_104032/group_256/run.log,
summary,2026-07-17 14:07:46,weight_group_size_scan_routed_tail,routed_tail,olmoe,routed_tail,"w4g-1-a4g-1,w5g-1-a8g-1,w6g-1-a8g-1",12.0,32,,64,w8a8,smooth_scale,,"w4g-1-a4g-1,w5g-1-a8g-1,w6g-1-a8g-1","0.234375,0.59375,0.171875",6.955334663391113,11.181417465209961,,,,,,,,,ok,experiments/group_size_scan_routed_tail_olmoe_ppl_20260717_104032,experiments/group_size_scan_routed_tail_olmoe_ppl_20260717_104032/summary.csv,experiments/group_size_scan_routed_tail_olmoe_ppl_20260717_104032/group_32/run.log,
summary,2026-07-17 14:07:46,weight_group_size_scan_routed_tail,routed_tail,olmoe,routed_tail,"w4g-1-a4g-1,w5g-1-a8g-1,w6g-1-a8g-1",12.0,512,,64,w8a8,smooth_scale,,"w4g-1-a4g-1,w5g-1-a8g-1,w6g-1-a8g-1","0.234375,0.59375,0.171875",7.117123126983643,11.316435813903809,,,,,,,,,ok,experiments/group_size_scan_routed_tail_olmoe_ppl_20260717_104032,experiments/group_size_scan_routed_tail_olmoe_ppl_20260717_104032/summary.csv,experiments/group_size_scan_routed_tail_olmoe_ppl_20260717_104032/group_512/run.log,
summary,2026-07-17 14:07:46,weight_group_size_scan_routed_tail,routed_tail,olmoe,routed_tail,"w4g-1-a4g-1,w5g-1-a8g-1,w6g-1-a8g-1",12.0,64,,64,w8a8,smooth_scale,,"w4g-1-a4g-1,w5g-1-a8g-1,w6g-1-a8g-1","0.234375,0.59375,0.171875",6.9977946281433105,11.22057819366455,,,,,,,,,ok,experiments/group_size_scan_routed_tail_olmoe_ppl_20260717_104032,experiments/group_size_scan_routed_tail_olmoe_ppl_20260717_104032/summary.csv,experiments/group_size_scan_routed_tail_olmoe_ppl_20260717_104032/group_64/run.log,
