model,scope,group_size,base_qparam_groups,virtual_repeats,total_qparam_groups,latency_ms,latency_q20_ms,latency_q80_ms,latency_std_ms,qbits,work_iters,qparam_group_reduction_vs_group1,operator_speedup_vs_group1
olmoe,all_experts,1,4194304,1,4194304,155.997789,155.202493,158.484720,2.653657,4,16,1.000000,1.000000
olmoe,all_experts,16,262144,1,262144,5.873850,5.857736,5.880285,0.059190,4,16,16.000000,26.558014
olmoe,all_experts,32,131072,1,131072,3.020542,3.013868,3.045473,0.029657,4,16,32.000000,51.645628
olmoe,all_experts,64,65536,1,65536,1.627071,1.614887,1.661133,0.026410,4,16,64.000000,95.876449
olmoe,all_experts,128,32768,1,32768,0.878822,0.877205,0.887234,0.005173,4,16,128.000000,177.507833
olmoe,all_experts,256,16384,1,16384,0.493897,0.492811,0.501607,0.010849,4,16,256.000000,315.850854
olmoe,all_experts,512,8192,1,8192,0.312120,0.311360,0.316281,0.006748,4,16,512.000000,499.800682
olmoe,all_experts,1024,4096,1,4096,0.223123,0.222698,0.223640,0.002122,4,16,1024.000000,699.156022
olmoe,all_experts,2048,3072,1,3072,0.194753,0.194598,0.194989,0.000409,4,16,1365.333333,801.003266
