scope,shape_name,M,K,N,num_active_experts,tokens_per_expert,granularity,channels_per_scale,num_scales,scale_reduction,latency_ms,latency_q20_ms,latency_q80_ms,latency_std_ms,speedup_over_per_channel,max_abs_error,mean_abs_error,max_rel_error,kernel_name,block_m,block_n,block_k,num_warps,dtype_x,dtype_w,dtype_scale
full_gemm,olmoe_gate_up,1,2048,1024,0,0,per_channel,1,1024,1.000000,0.071861,0.071774,0.074449,0.004685,1.000000,0.000000e+00,0.000000e+00,0.000000e+00,i8_full_gemm_output_scale,16,64,64,4,int8,int8,float32
full_gemm,olmoe_gate_up,1,2048,1024,0,0,2_channels,2,512,2.000000,0.071774,0.071690,0.072232,0.002726,1.001212,0.000000e+00,0.000000e+00,0.000000e+00,i8_full_gemm_output_scale,16,64,64,4,int8,int8,float32
full_gemm,olmoe_gate_up,1,2048,1024,0,0,4_channels,4,256,4.000000,0.072116,0.072022,0.072186,0.000698,0.996464,0.000000e+00,0.000000e+00,0.000000e+00,i8_full_gemm_output_scale,16,64,64,4,int8,int8,float32
full_gemm,olmoe_gate_up,1,2048,1024,0,0,8_channels,8,128,8.000000,0.072065,0.071955,0.072142,0.006777,0.997169,0.000000e+00,0.000000e+00,0.000000e+00,i8_full_gemm_output_scale,16,64,64,4,int8,int8,float32
full_gemm,olmoe_gate_up,1,2048,1024,0,0,16_channels,16,64,16.000000,0.073187,0.072468,0.076237,0.002990,0.981882,0.000000e+00,0.000000e+00,0.000000e+00,i8_full_gemm_output_scale,16,64,64,4,int8,int8,float32
full_gemm,olmoe_gate_up,1,2048,1024,0,0,per_tensor,1024,1,1024.000000,0.072157,0.072088,0.072187,0.000149,0.995898,0.000000e+00,0.000000e+00,0.000000e+00,i8_full_gemm_output_scale,16,64,64,4,int8,int8,float32
full_gemm,olmoe_gate_up,2,2048,1024,0,0,per_channel,1,1024,1.000000,0.072071,0.071950,0.072216,0.000416,1.000000,0.000000e+00,0.000000e+00,0.000000e+00,i8_full_gemm_output_scale,16,64,64,4,int8,int8,float32
full_gemm,olmoe_gate_up,2,2048,1024,0,0,2_channels,2,512,2.000000,0.073106,0.072634,0.074555,0.002452,0.985842,0.000000e+00,0.000000e+00,0.000000e+00,i8_full_gemm_output_scale,16,64,64,4,int8,int8,float32
full_gemm,olmoe_gate_up,2,2048,1024,0,0,4_channels,4,256,4.000000,0.072645,0.072457,0.073213,0.002092,0.992099,0.000000e+00,0.000000e+00,0.000000e+00,i8_full_gemm_output_scale,16,64,64,4,int8,int8,float32
full_gemm,olmoe_gate_up,2,2048,1024,0,0,8_channels,8,128,8.000000,0.075147,0.072075,0.075815,0.003875,0.959067,0.000000e+00,0.000000e+00,0.000000e+00,i8_full_gemm_output_scale,16,64,64,4,int8,int8,float32
full_gemm,olmoe_gate_up,2,2048,1024,0,0,16_channels,16,64,16.000000,0.074760,0.072130,0.092160,0.022092,0.964032,0.000000e+00,0.000000e+00,0.000000e+00,i8_full_gemm_output_scale,16,64,64,4,int8,int8,float32
full_gemm,olmoe_gate_up,2,2048,1024,0,0,per_tensor,1024,1,1024.000000,0.078197,0.072609,0.081359,0.018706,0.921659,0.000000e+00,0.000000e+00,0.000000e+00,i8_full_gemm_output_scale,16,64,64,4,int8,int8,float32
full_gemm,olmoe_gate_up,4,2048,1024,0,0,per_channel,1,1024,1.000000,0.072561,0.072164,0.072747,0.000428,1.000000,0.000000e+00,0.000000e+00,0.000000e+00,i8_full_gemm_output_scale,16,64,64,4,int8,int8,float32
full_gemm,olmoe_gate_up,4,2048,1024,0,0,2_channels,2,512,2.000000,0.071397,0.071344,0.071416,0.002497,1.016303,0.000000e+00,0.000000e+00,0.000000e+00,i8_full_gemm_output_scale,16,64,64,4,int8,int8,float32
full_gemm,olmoe_gate_up,4,2048,1024,0,0,4_channels,4,256,4.000000,0.072318,0.072052,0.072748,0.002249,1.003360,0.000000e+00,0.000000e+00,0.000000e+00,i8_full_gemm_output_scale,16,64,64,4,int8,int8,float32
full_gemm,olmoe_gate_up,4,2048,1024,0,0,8_channels,8,128,8.000000,0.071817,0.071485,0.071891,0.000255,1.010360,0.000000e+00,0.000000e+00,0.000000e+00,i8_full_gemm_output_scale,16,64,64,4,int8,int8,float32
full_gemm,olmoe_gate_up,4,2048,1024,0,0,16_channels,16,64,16.000000,0.077925,0.073033,0.090493,0.014891,0.931165,0.000000e+00,0.000000e+00,0.000000e+00,i8_full_gemm_output_scale,16,64,64,4,int8,int8,float32
full_gemm,olmoe_gate_up,4,2048,1024,0,0,per_tensor,1024,1,1024.000000,0.074440,0.073039,0.076293,0.012491,0.974758,0.000000e+00,0.000000e+00,0.000000e+00,i8_full_gemm_output_scale,16,64,64,4,int8,int8,float32
full_gemm,olmoe_gate_up,8,2048,1024,0,0,per_channel,1,1024,1.000000,0.073320,0.073209,0.073663,0.007785,1.000000,0.000000e+00,0.000000e+00,0.000000e+00,i8_full_gemm_output_scale,16,64,64,4,int8,int8,float32
full_gemm,olmoe_gate_up,8,2048,1024,0,0,2_channels,2,512,2.000000,0.072722,0.072639,0.072798,0.000475,1.008223,0.000000e+00,0.000000e+00,0.000000e+00,i8_full_gemm_output_scale,16,64,64,4,int8,int8,float32
full_gemm,olmoe_gate_up,8,2048,1024,0,0,4_channels,4,256,4.000000,0.085015,0.072281,0.092685,0.012091,0.862436,0.000000e+00,0.000000e+00,0.000000e+00,i8_full_gemm_output_scale,16,64,64,4,int8,int8,float32
full_gemm,olmoe_gate_up,8,2048,1024,0,0,8_channels,8,128,8.000000,0.073791,0.073660,0.084787,0.010313,0.993617,0.000000e+00,0.000000e+00,0.000000e+00,i8_full_gemm_output_scale,16,64,64,4,int8,int8,float32
full_gemm,olmoe_gate_up,8,2048,1024,0,0,16_channels,16,64,16.000000,0.072402,0.072334,0.072403,0.000122,1.012679,0.000000e+00,0.000000e+00,0.000000e+00,i8_full_gemm_output_scale,16,64,64,4,int8,int8,float32
full_gemm,olmoe_gate_up,8,2048,1024,0,0,per_tensor,1024,1,1024.000000,0.071543,0.071532,0.071585,0.000099,1.024838,0.000000e+00,0.000000e+00,0.000000e+00,i8_full_gemm_output_scale,16,64,64,4,int8,int8,float32
full_gemm,olmoe_gate_up,16,2048,1024,0,0,per_channel,1,1024,1.000000,0.072495,0.072409,0.072496,0.000120,1.000000,0.000000e+00,0.000000e+00,0.000000e+00,i8_full_gemm_output_scale,16,64,64,4,int8,int8,float32
full_gemm,olmoe_gate_up,16,2048,1024,0,0,2_channels,2,512,2.000000,0.071896,0.071861,0.072320,0.000375,1.008331,0.000000e+00,0.000000e+00,0.000000e+00,i8_full_gemm_output_scale,16,64,64,4,int8,int8,float32
full_gemm,olmoe_gate_up,16,2048,1024,0,0,4_channels,4,256,4.000000,0.074810,0.074673,0.083708,0.010856,0.969055,0.000000e+00,0.000000e+00,0.000000e+00,i8_full_gemm_output_scale,16,64,64,4,int8,int8,float32
full_gemm,olmoe_gate_up,16,2048,1024,0,0,8_channels,8,128,8.000000,0.073905,0.073405,0.074119,0.000571,0.980921,0.000000e+00,0.000000e+00,0.000000e+00,i8_full_gemm_output_scale,16,64,64,4,int8,int8,float32
full_gemm,olmoe_gate_up,16,2048,1024,0,0,16_channels,16,64,16.000000,0.072163,0.071819,0.072179,0.000356,1.004601,0.000000e+00,0.000000e+00,0.000000e+00,i8_full_gemm_output_scale,16,64,64,4,int8,int8,float32
full_gemm,olmoe_gate_up,16,2048,1024,0,0,per_tensor,1024,1,1024.000000,0.075098,0.072275,0.078825,0.004614,0.965339,0.000000e+00,0.000000e+00,0.000000e+00,i8_full_gemm_output_scale,16,64,64,4,int8,int8,float32
full_gemm,olmoe_gate_up,32,2048,1024,0,0,per_channel,1,1024,1.000000,0.073069,0.072583,0.073205,0.000713,1.000000,0.000000e+00,0.000000e+00,0.000000e+00,i8_full_gemm_output_scale,16,64,64,4,int8,int8,float32
full_gemm,olmoe_gate_up,32,2048,1024,0,0,2_channels,2,512,2.000000,0.071786,0.071726,0.071854,0.000160,1.017873,0.000000e+00,0.000000e+00,0.000000e+00,i8_full_gemm_output_scale,16,64,64,4,int8,int8,float32
full_gemm,olmoe_gate_up,32,2048,1024,0,0,4_channels,4,256,4.000000,0.072136,0.072132,0.072520,0.006679,1.012934,0.000000e+00,0.000000e+00,0.000000e+00,i8_full_gemm_output_scale,16,64,64,4,int8,int8,float32
full_gemm,olmoe_gate_up,32,2048,1024,0,0,8_channels,8,128,8.000000,0.072416,0.072380,0.072521,0.001325,1.009017,0.000000e+00,0.000000e+00,0.000000e+00,i8_full_gemm_output_scale,16,64,64,4,int8,int8,float32
full_gemm,olmoe_gate_up,32,2048,1024,0,0,16_channels,16,64,16.000000,0.072453,0.072418,0.072539,0.000380,1.008502,0.000000e+00,0.000000e+00,0.000000e+00,i8_full_gemm_output_scale,16,64,64,4,int8,int8,float32
full_gemm,olmoe_gate_up,32,2048,1024,0,0,per_tensor,1024,1,1024.000000,0.071793,0.071676,0.071874,0.000367,1.017773,0.000000e+00,0.000000e+00,0.000000e+00,i8_full_gemm_output_scale,16,64,64,4,int8,int8,float32
full_gemm,olmoe_gate_up,64,2048,1024,0,0,per_channel,1,1024,1.000000,0.072012,0.071900,0.072084,0.000234,1.000000,0.000000e+00,0.000000e+00,0.000000e+00,i8_full_gemm_output_scale,16,64,64,4,int8,int8,float32
full_gemm,olmoe_gate_up,64,2048,1024,0,0,2_channels,2,512,2.000000,0.072891,0.072841,0.073035,0.001924,0.987941,0.000000e+00,0.000000e+00,0.000000e+00,i8_full_gemm_output_scale,16,64,64,4,int8,int8,float32
full_gemm,olmoe_gate_up,64,2048,1024,0,0,4_channels,4,256,4.000000,0.072535,0.072333,0.072780,0.001723,0.992790,0.000000e+00,0.000000e+00,0.000000e+00,i8_full_gemm_output_scale,16,64,64,4,int8,int8,float32
full_gemm,olmoe_gate_up,64,2048,1024,0,0,8_channels,8,128,8.000000,0.072464,0.072384,0.072604,0.001955,0.993762,0.000000e+00,0.000000e+00,0.000000e+00,i8_full_gemm_output_scale,16,64,64,4,int8,int8,float32
full_gemm,olmoe_gate_up,64,2048,1024,0,0,16_channels,16,64,16.000000,0.072637,0.072419,0.074460,0.003287,0.991396,0.000000e+00,0.000000e+00,0.000000e+00,i8_full_gemm_output_scale,16,64,64,4,int8,int8,float32
full_gemm,olmoe_gate_up,64,2048,1024,0,0,per_tensor,1024,1,1024.000000,0.098242,0.098211,0.108767,0.010520,0.733006,0.000000e+00,0.000000e+00,0.000000e+00,i8_full_gemm_output_scale,16,64,64,4,int8,int8,float32
full_gemm,olmoe_gate_up,128,2048,1024,0,0,per_channel,1,1024,1.000000,0.073346,0.072843,0.073985,0.000793,1.000000,0.000000e+00,0.000000e+00,0.000000e+00,i8_full_gemm_output_scale,16,64,64,4,int8,int8,float32
full_gemm,olmoe_gate_up,128,2048,1024,0,0,2_channels,2,512,2.000000,0.073982,0.073559,0.075701,0.003393,0.991403,0.000000e+00,0.000000e+00,0.000000e+00,i8_full_gemm_output_scale,16,64,64,4,int8,int8,float32
full_gemm,olmoe_gate_up,128,2048,1024,0,0,4_channels,4,256,4.000000,0.073021,0.072901,0.073580,0.000989,1.004451,0.000000e+00,0.000000e+00,0.000000e+00,i8_full_gemm_output_scale,16,64,64,4,int8,int8,float32
full_gemm,olmoe_gate_up,128,2048,1024,0,0,8_channels,8,128,8.000000,0.073245,0.072985,0.073375,0.002018,1.001379,0.000000e+00,0.000000e+00,0.000000e+00,i8_full_gemm_output_scale,16,64,64,4,int8,int8,float32
full_gemm,olmoe_gate_up,128,2048,1024,0,0,16_channels,16,64,16.000000,0.072145,0.072087,0.072145,0.021936,1.016647,0.000000e+00,0.000000e+00,0.000000e+00,i8_full_gemm_output_scale,16,64,64,4,int8,int8,float32
full_gemm,olmoe_gate_up,128,2048,1024,0,0,per_tensor,1024,1,1024.000000,0.072091,0.071901,0.072161,0.000371,1.017409,0.000000e+00,0.000000e+00,0.000000e+00,i8_full_gemm_output_scale,16,64,64,4,int8,int8,float32
epilogue_only,olmoe_gate_up,1,2048,1024,0,0,per_channel,1,1024,1.000000,0.063604,0.063469,0.063636,0.000265,1.000000,0.000000e+00,0.000000e+00,0.000000e+00,i32_epilogue_output_scale,16,64,64,4,int8,int8,float32
epilogue_only,olmoe_gate_up,1,2048,1024,0,0,2_channels,2,512,2.000000,0.064123,0.063811,0.064314,0.000597,0.991906,0.000000e+00,0.000000e+00,0.000000e+00,i32_epilogue_output_scale,16,64,64,4,int8,int8,float32
epilogue_only,olmoe_gate_up,1,2048,1024,0,0,4_channels,4,256,4.000000,0.063657,0.063534,0.063855,0.000181,0.999167,0.000000e+00,0.000000e+00,0.000000e+00,i32_epilogue_output_scale,16,64,64,4,int8,int8,float32
epilogue_only,olmoe_gate_up,1,2048,1024,0,0,8_channels,8,128,8.000000,0.064101,0.063226,0.083443,0.016570,0.992247,0.000000e+00,0.000000e+00,0.000000e+00,i32_epilogue_output_scale,16,64,64,4,int8,int8,float32
epilogue_only,olmoe_gate_up,1,2048,1024,0,0,16_channels,16,64,16.000000,0.065311,0.063359,0.065483,0.001980,0.973864,0.000000e+00,0.000000e+00,0.000000e+00,i32_epilogue_output_scale,16,64,64,4,int8,int8,float32
epilogue_only,olmoe_gate_up,1,2048,1024,0,0,per_tensor,1024,1,1024.000000,0.063508,0.062885,0.063609,0.000510,1.001512,0.000000e+00,0.000000e+00,0.000000e+00,i32_epilogue_output_scale,16,64,64,4,int8,int8,float32
epilogue_only,olmoe_gate_up,2,2048,1024,0,0,per_channel,1,1024,1.000000,0.062721,0.062692,0.062903,0.004782,1.000000,0.000000e+00,0.000000e+00,0.000000e+00,i32_epilogue_output_scale,16,64,64,4,int8,int8,float32
epilogue_only,olmoe_gate_up,2,2048,1024,0,0,2_channels,2,512,2.000000,0.063675,0.063651,0.063743,0.002381,0.985018,0.000000e+00,0.000000e+00,0.000000e+00,i32_epilogue_output_scale,16,64,64,4,int8,int8,float32
epilogue_only,olmoe_gate_up,2,2048,1024,0,0,4_channels,4,256,4.000000,0.062907,0.062637,0.063047,0.000268,0.997043,0.000000e+00,0.000000e+00,0.000000e+00,i32_epilogue_output_scale,16,64,64,4,int8,int8,float32
epilogue_only,olmoe_gate_up,2,2048,1024,0,0,8_channels,8,128,8.000000,0.063725,0.063471,0.064169,0.002528,0.984245,0.000000e+00,0.000000e+00,0.000000e+00,i32_epilogue_output_scale,16,64,64,4,int8,int8,float32
epilogue_only,olmoe_gate_up,2,2048,1024,0,0,16_channels,16,64,16.000000,0.063190,0.063087,0.063291,0.000150,0.992578,0.000000e+00,0.000000e+00,0.000000e+00,i32_epilogue_output_scale,16,64,64,4,int8,int8,float32
epilogue_only,olmoe_gate_up,2,2048,1024,0,0,per_tensor,1024,1,1024.000000,0.062960,0.062911,0.063240,0.000338,0.996204,0.000000e+00,0.000000e+00,0.000000e+00,i32_epilogue_output_scale,16,64,64,4,int8,int8,float32
epilogue_only,olmoe_gate_up,4,2048,1024,0,0,per_channel,1,1024,1.000000,0.063888,0.063798,0.063903,0.000085,1.000000,0.000000e+00,0.000000e+00,0.000000e+00,i32_epilogue_output_scale,16,64,64,4,int8,int8,float32
epilogue_only,olmoe_gate_up,4,2048,1024,0,0,2_channels,2,512,2.000000,0.063817,0.063551,0.064123,0.000529,1.001113,0.000000e+00,0.000000e+00,0.000000e+00,i32_epilogue_output_scale,16,64,64,4,int8,int8,float32
epilogue_only,olmoe_gate_up,4,2048,1024,0,0,4_channels,4,256,4.000000,0.066638,0.066251,0.081714,0.020134,0.958732,0.000000e+00,0.000000e+00,0.000000e+00,i32_epilogue_output_scale,16,64,64,4,int8,int8,float32
epilogue_only,olmoe_gate_up,4,2048,1024,0,0,8_channels,8,128,8.000000,0.066257,0.064763,0.066684,0.002793,0.964245,0.000000e+00,0.000000e+00,0.000000e+00,i32_epilogue_output_scale,16,64,64,4,int8,int8,float32
epilogue_only,olmoe_gate_up,4,2048,1024,0,0,16_channels,16,64,16.000000,0.064409,0.063799,0.068835,0.008771,0.991911,0.000000e+00,0.000000e+00,0.000000e+00,i32_epilogue_output_scale,16,64,64,4,int8,int8,float32
epilogue_only,olmoe_gate_up,4,2048,1024,0,0,per_tensor,1024,1,1024.000000,0.064645,0.064504,0.064779,0.000187,0.988290,0.000000e+00,0.000000e+00,0.000000e+00,i32_epilogue_output_scale,16,64,64,4,int8,int8,float32
epilogue_only,olmoe_gate_up,8,2048,1024,0,0,per_channel,1,1024,1.000000,0.063374,0.063361,0.063946,0.000937,1.000000,0.000000e+00,0.000000e+00,0.000000e+00,i32_epilogue_output_scale,16,64,64,4,int8,int8,float32
epilogue_only,olmoe_gate_up,8,2048,1024,0,0,2_channels,2,512,2.000000,0.063987,0.063941,0.064187,0.006312,0.990420,0.000000e+00,0.000000e+00,0.000000e+00,i32_epilogue_output_scale,16,64,64,4,int8,int8,float32
epilogue_only,olmoe_gate_up,8,2048,1024,0,0,4_channels,4,256,4.000000,0.063638,0.063595,0.063650,0.002323,0.995852,0.000000e+00,0.000000e+00,0.000000e+00,i32_epilogue_output_scale,16,64,64,4,int8,int8,float32
epilogue_only,olmoe_gate_up,8,2048,1024,0,0,8_channels,8,128,8.000000,0.064448,0.064310,0.065014,0.002273,0.983335,0.000000e+00,0.000000e+00,0.000000e+00,i32_epilogue_output_scale,16,64,64,4,int8,int8,float32
epilogue_only,olmoe_gate_up,8,2048,1024,0,0,16_channels,16,64,16.000000,0.068264,0.063777,0.069213,0.004017,0.928366,0.000000e+00,0.000000e+00,0.000000e+00,i32_epilogue_output_scale,16,64,64,4,int8,int8,float32
epilogue_only,olmoe_gate_up,8,2048,1024,0,0,per_tensor,1024,1,1024.000000,0.063094,0.063093,0.063985,0.000789,1.004438,0.000000e+00,0.000000e+00,0.000000e+00,i32_epilogue_output_scale,16,64,64,4,int8,int8,float32
epilogue_only,olmoe_gate_up,16,2048,1024,0,0,per_channel,1,1024,1.000000,0.063319,0.063277,0.063456,0.002243,1.000000,0.000000e+00,0.000000e+00,0.000000e+00,i32_epilogue_output_scale,16,64,64,4,int8,int8,float32
epilogue_only,olmoe_gate_up,16,2048,1024,0,0,2_channels,2,512,2.000000,0.064503,0.064260,0.064572,0.000585,0.981644,0.000000e+00,0.000000e+00,0.000000e+00,i32_epilogue_output_scale,16,64,64,4,int8,int8,float32
epilogue_only,olmoe_gate_up,16,2048,1024,0,0,4_channels,4,256,4.000000,0.065056,0.063964,0.065539,0.005325,0.973300,0.000000e+00,0.000000e+00,0.000000e+00,i32_epilogue_output_scale,16,64,64,4,int8,int8,float32
epilogue_only,olmoe_gate_up,16,2048,1024,0,0,8_channels,8,128,8.000000,0.064584,0.063891,0.064790,0.000927,0.980413,0.000000e+00,0.000000e+00,0.000000e+00,i32_epilogue_output_scale,16,64,64,4,int8,int8,float32
epilogue_only,olmoe_gate_up,16,2048,1024,0,0,16_channels,16,64,16.000000,0.064053,0.063667,0.064379,0.002369,0.988541,0.000000e+00,0.000000e+00,0.000000e+00,i32_epilogue_output_scale,16,64,64,4,int8,int8,float32
epilogue_only,olmoe_gate_up,16,2048,1024,0,0,per_tensor,1024,1,1024.000000,0.063823,0.063756,0.063927,0.000215,0.992103,0.000000e+00,0.000000e+00,0.000000e+00,i32_epilogue_output_scale,16,64,64,4,int8,int8,float32
epilogue_only,olmoe_gate_up,32,2048,1024,0,0,per_channel,1,1024,1.000000,0.063360,0.063264,0.063442,0.000113,1.000000,0.000000e+00,0.000000e+00,0.000000e+00,i32_epilogue_output_scale,16,64,64,4,int8,int8,float32
epilogue_only,olmoe_gate_up,32,2048,1024,0,0,2_channels,2,512,2.000000,0.063339,0.063321,0.063345,0.000097,1.000332,0.000000e+00,0.000000e+00,0.000000e+00,i32_epilogue_output_scale,16,64,64,4,int8,int8,float32
epilogue_only,olmoe_gate_up,32,2048,1024,0,0,4_channels,4,256,4.000000,0.064952,0.064357,0.064966,0.000538,0.975490,0.000000e+00,0.000000e+00,0.000000e+00,i32_epilogue_output_scale,16,64,64,4,int8,int8,float32
epilogue_only,olmoe_gate_up,32,2048,1024,0,0,8_channels,8,128,8.000000,0.063356,0.063000,0.063357,0.016978,1.000063,0.000000e+00,0.000000e+00,0.000000e+00,i32_epilogue_output_scale,16,64,64,4,int8,int8,float32
epilogue_only,olmoe_gate_up,32,2048,1024,0,0,16_channels,16,64,16.000000,0.063766,0.063633,0.063858,0.000371,0.993633,0.000000e+00,0.000000e+00,0.000000e+00,i32_epilogue_output_scale,16,64,64,4,int8,int8,float32
epilogue_only,olmoe_gate_up,32,2048,1024,0,0,per_tensor,1024,1,1024.000000,0.063371,0.063214,0.063401,0.000655,0.999826,0.000000e+00,0.000000e+00,0.000000e+00,i32_epilogue_output_scale,16,64,64,4,int8,int8,float32
epilogue_only,olmoe_gate_up,64,2048,1024,0,0,per_channel,1,1024,1.000000,0.064337,0.064315,0.064402,0.010463,1.000000,0.000000e+00,0.000000e+00,0.000000e+00,i32_epilogue_output_scale,16,64,64,4,int8,int8,float32
epilogue_only,olmoe_gate_up,64,2048,1024,0,0,2_channels,2,512,2.000000,0.063610,0.063443,0.063642,0.002435,1.011429,0.000000e+00,0.000000e+00,0.000000e+00,i32_epilogue_output_scale,16,64,64,4,int8,int8,float32
epilogue_only,olmoe_gate_up,64,2048,1024,0,0,4_channels,4,256,4.000000,0.064473,0.064124,0.064730,0.001394,0.997891,0.000000e+00,0.000000e+00,0.000000e+00,i32_epilogue_output_scale,16,64,64,4,int8,int8,float32
epilogue_only,olmoe_gate_up,64,2048,1024,0,0,8_channels,8,128,8.000000,0.063829,0.063821,0.063961,0.000130,1.007959,0.000000e+00,0.000000e+00,0.000000e+00,i32_epilogue_output_scale,16,64,64,4,int8,int8,float32
epilogue_only,olmoe_gate_up,64,2048,1024,0,0,16_channels,16,64,16.000000,0.064058,0.064055,0.064338,0.000199,1.004355,0.000000e+00,0.000000e+00,0.000000e+00,i32_epilogue_output_scale,16,64,64,4,int8,int8,float32
epilogue_only,olmoe_gate_up,64,2048,1024,0,0,per_tensor,1024,1,1024.000000,0.063702,0.063445,0.063742,0.002583,1.009968,0.000000e+00,0.000000e+00,0.000000e+00,i32_epilogue_output_scale,16,64,64,4,int8,int8,float32
epilogue_only,olmoe_gate_up,128,2048,1024,0,0,per_channel,1,1024,1.000000,0.063994,0.063933,0.064481,0.000334,1.000000,0.000000e+00,0.000000e+00,0.000000e+00,i32_epilogue_output_scale,16,64,64,4,int8,int8,float32
epilogue_only,olmoe_gate_up,128,2048,1024,0,0,2_channels,2,512,2.000000,0.063736,0.063528,0.063830,0.000186,1.004048,0.000000e+00,0.000000e+00,0.000000e+00,i32_epilogue_output_scale,16,64,64,4,int8,int8,float32
epilogue_only,olmoe_gate_up,128,2048,1024,0,0,4_channels,4,256,4.000000,0.064446,0.064255,0.065091,0.000786,0.992986,0.000000e+00,0.000000e+00,0.000000e+00,i32_epilogue_output_scale,16,64,64,4,int8,int8,float32
epilogue_only,olmoe_gate_up,128,2048,1024,0,0,8_channels,8,128,8.000000,0.063875,0.063803,0.064219,0.001935,1.001863,0.000000e+00,0.000000e+00,0.000000e+00,i32_epilogue_output_scale,16,64,64,4,int8,int8,float32
epilogue_only,olmoe_gate_up,128,2048,1024,0,0,16_channels,16,64,16.000000,0.064040,0.064039,0.064044,0.000115,0.999282,0.000000e+00,0.000000e+00,0.000000e+00,i32_epilogue_output_scale,16,64,64,4,int8,int8,float32
epilogue_only,olmoe_gate_up,128,2048,1024,0,0,per_tensor,1024,1,1024.000000,0.063635,0.063350,0.064464,0.004135,1.005642,0.000000e+00,0.000000e+00,0.000000e+00,i32_epilogue_output_scale,16,64,64,4,int8,int8,float32
grouped_moe,olmoe_gate_up,1,2048,1024,2,1,per_channel,1,1024,1.000000,0.081516,0.079926,0.081876,0.005507,1.000000,0.000000e+00,0.000000e+00,0.000000e+00,i8_grouped_moe_output_scale,16,64,64,4,int8,int8,float32
grouped_moe,olmoe_gate_up,1,2048,1024,2,1,2_channels,2,512,2.000000,0.076366,0.076356,0.076447,0.000140,1.067438,0.000000e+00,0.000000e+00,0.000000e+00,i8_grouped_moe_output_scale,16,64,64,4,int8,int8,float32
grouped_moe,olmoe_gate_up,1,2048,1024,2,1,4_channels,4,256,4.000000,0.077112,0.076566,0.077682,0.001253,1.057112,0.000000e+00,0.000000e+00,0.000000e+00,i8_grouped_moe_output_scale,16,64,64,4,int8,int8,float32
grouped_moe,olmoe_gate_up,1,2048,1024,2,1,8_channels,8,128,8.000000,0.079618,0.079166,0.079712,0.002111,1.023839,0.000000e+00,0.000000e+00,0.000000e+00,i8_grouped_moe_output_scale,16,64,64,4,int8,int8,float32
grouped_moe,olmoe_gate_up,1,2048,1024,2,1,16_channels,16,64,16.000000,0.077527,0.076864,0.077883,0.001199,1.051453,0.000000e+00,0.000000e+00,0.000000e+00,i8_grouped_moe_output_scale,16,64,64,4,int8,int8,float32
grouped_moe,olmoe_gate_up,1,2048,1024,2,1,per_tensor,1024,1,1024.000000,0.077328,0.077113,0.077344,0.000348,1.054159,0.000000e+00,0.000000e+00,0.000000e+00,i8_grouped_moe_output_scale,16,64,64,4,int8,int8,float32
grouped_moe,olmoe_gate_up,2,2048,1024,2,2,per_channel,1,1024,1.000000,0.077273,0.076831,0.077463,0.002205,1.000000,0.000000e+00,0.000000e+00,0.000000e+00,i8_grouped_moe_output_scale,16,64,64,4,int8,int8,float32
grouped_moe,olmoe_gate_up,2,2048,1024,2,2,2_channels,2,512,2.000000,0.076880,0.076220,0.077119,0.001629,1.005112,0.000000e+00,0.000000e+00,0.000000e+00,i8_grouped_moe_output_scale,16,64,64,4,int8,int8,float32
grouped_moe,olmoe_gate_up,2,2048,1024,2,2,4_channels,4,256,4.000000,0.078355,0.076957,0.079628,0.001844,0.986191,0.000000e+00,0.000000e+00,0.000000e+00,i8_grouped_moe_output_scale,16,64,64,4,int8,int8,float32
grouped_moe,olmoe_gate_up,2,2048,1024,2,2,8_channels,8,128,8.000000,0.077871,0.076309,0.078066,0.000979,0.992321,0.000000e+00,0.000000e+00,0.000000e+00,i8_grouped_moe_output_scale,16,64,64,4,int8,int8,float32
grouped_moe,olmoe_gate_up,2,2048,1024,2,2,16_channels,16,64,16.000000,0.078054,0.077134,0.078190,0.000830,0.989994,0.000000e+00,0.000000e+00,0.000000e+00,i8_grouped_moe_output_scale,16,64,64,4,int8,int8,float32
grouped_moe,olmoe_gate_up,2,2048,1024,2,2,per_tensor,1024,1,1024.000000,0.079547,0.079378,0.088030,0.005350,0.971413,0.000000e+00,0.000000e+00,0.000000e+00,i8_grouped_moe_output_scale,16,64,64,4,int8,int8,float32
grouped_moe,olmoe_gate_up,4,2048,1024,2,4,per_channel,1,1024,1.000000,0.077629,0.077425,0.077791,0.001694,1.000000,0.000000e+00,0.000000e+00,0.000000e+00,i8_grouped_moe_output_scale,16,64,64,4,int8,int8,float32
grouped_moe,olmoe_gate_up,4,2048,1024,2,4,2_channels,2,512,2.000000,0.076249,0.076075,0.077105,0.002309,1.018099,0.000000e+00,0.000000e+00,0.000000e+00,i8_grouped_moe_output_scale,16,64,64,4,int8,int8,float32
grouped_moe,olmoe_gate_up,4,2048,1024,2,4,4_channels,4,256,4.000000,0.076924,0.076413,0.076929,0.000311,1.009165,0.000000e+00,0.000000e+00,0.000000e+00,i8_grouped_moe_output_scale,16,64,64,4,int8,int8,float32
grouped_moe,olmoe_gate_up,4,2048,1024,2,4,8_channels,8,128,8.000000,0.077199,0.077182,0.077963,0.002109,1.005570,0.000000e+00,0.000000e+00,0.000000e+00,i8_grouped_moe_output_scale,16,64,64,4,int8,int8,float32
grouped_moe,olmoe_gate_up,4,2048,1024,2,4,16_channels,16,64,16.000000,0.077183,0.076818,0.077460,0.001423,1.005778,0.000000e+00,0.000000e+00,0.000000e+00,i8_grouped_moe_output_scale,16,64,64,4,int8,int8,float32
grouped_moe,olmoe_gate_up,4,2048,1024,2,4,per_tensor,1024,1,1024.000000,0.076524,0.076506,0.076635,0.000162,1.014440,0.000000e+00,0.000000e+00,0.000000e+00,i8_grouped_moe_output_scale,16,64,64,4,int8,int8,float32
grouped_moe,olmoe_gate_up,8,2048,1024,2,8,per_channel,1,1024,1.000000,0.080605,0.076885,0.083367,0.004832,1.000000,0.000000e+00,0.000000e+00,0.000000e+00,i8_grouped_moe_output_scale,16,64,64,4,int8,int8,float32
grouped_moe,olmoe_gate_up,8,2048,1024,2,8,2_channels,2,512,2.000000,0.077007,0.076553,0.077176,0.002623,1.046723,0.000000e+00,0.000000e+00,0.000000e+00,i8_grouped_moe_output_scale,16,64,64,4,int8,int8,float32
grouped_moe,olmoe_gate_up,8,2048,1024,2,8,4_channels,4,256,4.000000,0.075978,0.075924,0.076077,0.003047,1.060899,0.000000e+00,0.000000e+00,0.000000e+00,i8_grouped_moe_output_scale,16,64,64,4,int8,int8,float32
grouped_moe,olmoe_gate_up,8,2048,1024,2,8,8_channels,8,128,8.000000,0.076877,0.076687,0.077002,0.002641,1.048493,0.000000e+00,0.000000e+00,0.000000e+00,i8_grouped_moe_output_scale,16,64,64,4,int8,int8,float32
grouped_moe,olmoe_gate_up,8,2048,1024,2,8,16_channels,16,64,16.000000,0.076311,0.075965,0.076479,0.003218,1.056270,0.000000e+00,0.000000e+00,0.000000e+00,i8_grouped_moe_output_scale,16,64,64,4,int8,int8,float32
grouped_moe,olmoe_gate_up,8,2048,1024,2,8,per_tensor,1024,1,1024.000000,0.076261,0.076242,0.076287,0.000201,1.056962,0.000000e+00,0.000000e+00,0.000000e+00,i8_grouped_moe_output_scale,16,64,64,4,int8,int8,float32
grouped_moe,olmoe_gate_up,1,2048,1024,4,1,per_channel,1,1024,1.000000,0.077142,0.076798,0.077886,0.002064,1.000000,0.000000e+00,0.000000e+00,0.000000e+00,i8_grouped_moe_output_scale,16,64,64,4,int8,int8,float32
grouped_moe,olmoe_gate_up,1,2048,1024,4,1,2_channels,2,512,2.000000,0.077753,0.077069,0.079497,0.001961,0.992142,0.000000e+00,0.000000e+00,0.000000e+00,i8_grouped_moe_output_scale,16,64,64,4,int8,int8,float32
grouped_moe,olmoe_gate_up,1,2048,1024,4,1,4_channels,4,256,4.000000,0.076686,0.076455,0.076817,0.002563,1.005946,0.000000e+00,0.000000e+00,0.000000e+00,i8_grouped_moe_output_scale,16,64,64,4,int8,int8,float32
grouped_moe,olmoe_gate_up,1,2048,1024,4,1,8_channels,8,128,8.000000,0.076837,0.076700,0.076980,0.000218,1.003969,0.000000e+00,0.000000e+00,0.000000e+00,i8_grouped_moe_output_scale,16,64,64,4,int8,int8,float32
grouped_moe,olmoe_gate_up,1,2048,1024,4,1,16_channels,16,64,16.000000,0.076959,0.076479,0.077826,0.002305,1.002378,0.000000e+00,0.000000e+00,0.000000e+00,i8_grouped_moe_output_scale,16,64,64,4,int8,int8,float32
grouped_moe,olmoe_gate_up,1,2048,1024,4,1,per_tensor,1024,1,1024.000000,0.076373,0.076291,0.077286,0.000964,1.010069,0.000000e+00,0.000000e+00,0.000000e+00,i8_grouped_moe_output_scale,16,64,64,4,int8,int8,float32
grouped_moe,olmoe_gate_up,2,2048,1024,4,2,per_channel,1,1024,1.000000,0.077139,0.077102,0.077154,0.000270,1.000000,0.000000e+00,0.000000e+00,0.000000e+00,i8_grouped_moe_output_scale,16,64,64,4,int8,int8,float32
grouped_moe,olmoe_gate_up,2,2048,1024,4,2,2_channels,2,512,2.000000,0.076957,0.076875,0.076989,0.000240,1.002365,0.000000e+00,0.000000e+00,0.000000e+00,i8_grouped_moe_output_scale,16,64,64,4,int8,int8,float32
grouped_moe,olmoe_gate_up,2,2048,1024,4,2,4_channels,4,256,4.000000,0.076449,0.076423,0.076465,0.000126,1.009026,0.000000e+00,0.000000e+00,0.000000e+00,i8_grouped_moe_output_scale,16,64,64,4,int8,int8,float32
grouped_moe,olmoe_gate_up,2,2048,1024,4,2,8_channels,8,128,8.000000,0.076864,0.076808,0.076875,0.022702,1.003578,0.000000e+00,0.000000e+00,0.000000e+00,i8_grouped_moe_output_scale,16,64,64,4,int8,int8,float32
grouped_moe,olmoe_gate_up,2,2048,1024,4,2,16_channels,16,64,16.000000,0.076440,0.076438,0.076994,0.001940,1.009144,0.000000e+00,0.000000e+00,0.000000e+00,i8_grouped_moe_output_scale,16,64,64,4,int8,int8,float32
grouped_moe,olmoe_gate_up,2,2048,1024,4,2,per_tensor,1024,1,1024.000000,0.077398,0.077360,0.077536,0.000879,0.996654,0.000000e+00,0.000000e+00,0.000000e+00,i8_grouped_moe_output_scale,16,64,64,4,int8,int8,float32
grouped_moe,olmoe_gate_up,4,2048,1024,4,4,per_channel,1,1024,1.000000,0.082685,0.081065,0.082907,0.011434,1.000000,0.000000e+00,0.000000e+00,0.000000e+00,i8_grouped_moe_output_scale,16,64,64,4,int8,int8,float32
grouped_moe,olmoe_gate_up,4,2048,1024,4,4,2_channels,2,512,2.000000,0.090343,0.088459,0.095678,0.007501,0.915234,0.000000e+00,0.000000e+00,0.000000e+00,i8_grouped_moe_output_scale,16,64,64,4,int8,int8,float32
grouped_moe,olmoe_gate_up,4,2048,1024,4,4,4_channels,4,256,4.000000,0.077189,0.077134,0.077255,0.000094,1.071202,0.000000e+00,0.000000e+00,0.000000e+00,i8_grouped_moe_output_scale,16,64,64,4,int8,int8,float32
grouped_moe,olmoe_gate_up,4,2048,1024,4,4,8_channels,8,128,8.000000,0.077242,0.076974,0.077469,0.000320,1.070467,0.000000e+00,0.000000e+00,0.000000e+00,i8_grouped_moe_output_scale,16,64,64,4,int8,int8,float32
grouped_moe,olmoe_gate_up,4,2048,1024,4,4,16_channels,16,64,16.000000,0.077682,0.077534,0.078043,0.000542,1.064404,0.000000e+00,0.000000e+00,0.000000e+00,i8_grouped_moe_output_scale,16,64,64,4,int8,int8,float32
grouped_moe,olmoe_gate_up,4,2048,1024,4,4,per_tensor,1024,1,1024.000000,0.077725,0.077188,0.079004,0.002400,1.063815,0.000000e+00,0.000000e+00,0.000000e+00,i8_grouped_moe_output_scale,16,64,64,4,int8,int8,float32
grouped_moe,olmoe_gate_up,8,2048,1024,4,8,per_channel,1,1024,1.000000,0.077310,0.077295,0.077419,0.000276,1.000000,0.000000e+00,0.000000e+00,0.000000e+00,i8_grouped_moe_output_scale,16,64,64,4,int8,int8,float32
grouped_moe,olmoe_gate_up,8,2048,1024,4,8,2_channels,2,512,2.000000,0.077983,0.077735,0.081302,0.004834,0.991370,0.000000e+00,0.000000e+00,0.000000e+00,i8_grouped_moe_output_scale,16,64,64,4,int8,int8,float32
grouped_moe,olmoe_gate_up,8,2048,1024,4,8,4_channels,4,256,4.000000,0.077119,0.076856,0.077127,0.000435,1.002477,0.000000e+00,0.000000e+00,0.000000e+00,i8_grouped_moe_output_scale,16,64,64,4,int8,int8,float32
grouped_moe,olmoe_gate_up,8,2048,1024,4,8,8_channels,8,128,8.000000,0.077234,0.077191,0.077241,0.006552,1.000984,0.000000e+00,0.000000e+00,0.000000e+00,i8_grouped_moe_output_scale,16,64,64,4,int8,int8,float32
grouped_moe,olmoe_gate_up,8,2048,1024,4,8,16_channels,16,64,16.000000,0.077194,0.077134,0.077257,0.001130,1.001503,0.000000e+00,0.000000e+00,0.000000e+00,i8_grouped_moe_output_scale,16,64,64,4,int8,int8,float32
grouped_moe,olmoe_gate_up,8,2048,1024,4,8,per_tensor,1024,1,1024.000000,0.077042,0.076989,0.077212,0.000254,1.003479,0.000000e+00,0.000000e+00,0.000000e+00,i8_grouped_moe_output_scale,16,64,64,4,int8,int8,float32
grouped_moe,olmoe_gate_up,1,2048,1024,8,1,per_channel,1,1024,1.000000,0.077092,0.076882,0.077692,0.000489,1.000000,0.000000e+00,0.000000e+00,0.000000e+00,i8_grouped_moe_output_scale,16,64,64,4,int8,int8,float32
grouped_moe,olmoe_gate_up,1,2048,1024,8,1,2_channels,2,512,2.000000,0.077330,0.077280,0.077409,0.000595,0.996922,0.000000e+00,0.000000e+00,0.000000e+00,i8_grouped_moe_output_scale,16,64,64,4,int8,int8,float32
grouped_moe,olmoe_gate_up,1,2048,1024,8,1,4_channels,4,256,4.000000,0.078351,0.078118,0.079779,0.001206,0.983931,0.000000e+00,0.000000e+00,0.000000e+00,i8_grouped_moe_output_scale,16,64,64,4,int8,int8,float32
grouped_moe,olmoe_gate_up,1,2048,1024,8,1,8_channels,8,128,8.000000,0.076582,0.076546,0.076600,0.002453,1.006660,0.000000e+00,0.000000e+00,0.000000e+00,i8_grouped_moe_output_scale,16,64,64,4,int8,int8,float32
grouped_moe,olmoe_gate_up,1,2048,1024,8,1,16_channels,16,64,16.000000,0.077052,0.076949,0.077064,0.000179,1.000519,0.000000e+00,0.000000e+00,0.000000e+00,i8_grouped_moe_output_scale,16,64,64,4,int8,int8,float32
grouped_moe,olmoe_gate_up,1,2048,1024,8,1,per_tensor,1024,1,1024.000000,0.077341,0.077234,0.077806,0.002286,0.996780,0.000000e+00,0.000000e+00,0.000000e+00,i8_grouped_moe_output_scale,16,64,64,4,int8,int8,float32
grouped_moe,olmoe_gate_up,2,2048,1024,8,2,per_channel,1,1024,1.000000,0.077759,0.077727,0.078055,0.000218,1.000000,0.000000e+00,0.000000e+00,0.000000e+00,i8_grouped_moe_output_scale,16,64,64,4,int8,int8,float32
grouped_moe,olmoe_gate_up,2,2048,1024,8,2,2_channels,2,512,2.000000,0.077274,0.077235,0.077689,0.001666,1.006276,0.000000e+00,0.000000e+00,0.000000e+00,i8_grouped_moe_output_scale,16,64,64,4,int8,int8,float32
grouped_moe,olmoe_gate_up,2,2048,1024,8,2,4_channels,4,256,4.000000,0.076517,0.076359,0.080998,0.026454,1.016232,0.000000e+00,0.000000e+00,0.000000e+00,i8_grouped_moe_output_scale,16,64,64,4,int8,int8,float32
grouped_moe,olmoe_gate_up,2,2048,1024,8,2,8_channels,8,128,8.000000,0.076518,0.076452,0.076580,0.000418,1.016218,0.000000e+00,0.000000e+00,0.000000e+00,i8_grouped_moe_output_scale,16,64,64,4,int8,int8,float32
grouped_moe,olmoe_gate_up,2,2048,1024,8,2,16_channels,16,64,16.000000,0.077105,0.076998,0.077778,0.001247,1.008482,0.000000e+00,0.000000e+00,0.000000e+00,i8_grouped_moe_output_scale,16,64,64,4,int8,int8,float32
grouped_moe,olmoe_gate_up,2,2048,1024,8,2,per_tensor,1024,1,1024.000000,0.076607,0.076537,0.081550,0.005107,1.015038,0.000000e+00,0.000000e+00,0.000000e+00,i8_grouped_moe_output_scale,16,64,64,4,int8,int8,float32
grouped_moe,olmoe_gate_up,4,2048,1024,8,4,per_channel,1,1024,1.000000,0.077266,0.077149,0.077844,0.001290,1.000000,0.000000e+00,0.000000e+00,0.000000e+00,i8_grouped_moe_output_scale,16,64,64,4,int8,int8,float32
grouped_moe,olmoe_gate_up,4,2048,1024,8,4,2_channels,2,512,2.000000,0.077157,0.077086,0.077282,0.000141,1.001413,0.000000e+00,0.000000e+00,0.000000e+00,i8_grouped_moe_output_scale,16,64,64,4,int8,int8,float32
grouped_moe,olmoe_gate_up,4,2048,1024,8,4,4_channels,4,256,4.000000,0.078206,0.077667,0.083331,0.009321,0.987980,0.000000e+00,0.000000e+00,0.000000e+00,i8_grouped_moe_output_scale,16,64,64,4,int8,int8,float32
grouped_moe,olmoe_gate_up,4,2048,1024,8,4,8_channels,8,128,8.000000,0.077358,0.077057,0.078794,0.009680,0.998811,0.000000e+00,0.000000e+00,0.000000e+00,i8_grouped_moe_output_scale,16,64,64,4,int8,int8,float32
grouped_moe,olmoe_gate_up,4,2048,1024,8,4,16_channels,16,64,16.000000,0.077435,0.077324,0.077553,0.002258,0.997818,0.000000e+00,0.000000e+00,0.000000e+00,i8_grouped_moe_output_scale,16,64,64,4,int8,int8,float32
grouped_moe,olmoe_gate_up,4,2048,1024,8,4,per_tensor,1024,1,1024.000000,0.077217,0.077080,0.077235,0.000502,1.000635,0.000000e+00,0.000000e+00,0.000000e+00,i8_grouped_moe_output_scale,16,64,64,4,int8,int8,float32
grouped_moe,olmoe_gate_up,8,2048,1024,8,8,per_channel,1,1024,1.000000,0.077528,0.077500,0.077535,0.001818,1.000000,0.000000e+00,0.000000e+00,0.000000e+00,i8_grouped_moe_output_scale,16,64,64,4,int8,int8,float32
grouped_moe,olmoe_gate_up,8,2048,1024,8,8,2_channels,2,512,2.000000,0.077925,0.077517,0.077934,0.000776,0.994905,0.000000e+00,0.000000e+00,0.000000e+00,i8_grouped_moe_output_scale,16,64,64,4,int8,int8,float32
grouped_moe,olmoe_gate_up,8,2048,1024,8,8,4_channels,4,256,4.000000,0.077368,0.077159,0.088195,0.008420,1.002068,0.000000e+00,0.000000e+00,0.000000e+00,i8_grouped_moe_output_scale,16,64,64,4,int8,int8,float32
grouped_moe,olmoe_gate_up,8,2048,1024,8,8,8_channels,8,128,8.000000,0.076953,0.076669,0.077090,0.000422,1.007472,0.000000e+00,0.000000e+00,0.000000e+00,i8_grouped_moe_output_scale,16,64,64,4,int8,int8,float32
grouped_moe,olmoe_gate_up,8,2048,1024,8,8,16_channels,16,64,16.000000,0.077390,0.077356,0.077399,0.002012,1.001783,0.000000e+00,0.000000e+00,0.000000e+00,i8_grouped_moe_output_scale,16,64,64,4,int8,int8,float32
grouped_moe,olmoe_gate_up,8,2048,1024,8,8,per_tensor,1024,1,1024.000000,0.076923,0.076803,0.077002,0.001768,1.007865,0.000000e+00,0.000000e+00,0.000000e+00,i8_grouped_moe_output_scale,16,64,64,4,int8,int8,float32
grouped_moe,olmoe_gate_up,1,2048,1024,16,1,per_channel,1,1024,1.000000,0.077020,0.076718,0.079183,0.001507,1.000000,0.000000e+00,0.000000e+00,0.000000e+00,i8_grouped_moe_output_scale,16,64,64,4,int8,int8,float32
grouped_moe,olmoe_gate_up,1,2048,1024,16,1,2_channels,2,512,2.000000,0.076979,0.076962,0.077022,0.001058,1.000533,0.000000e+00,0.000000e+00,0.000000e+00,i8_grouped_moe_output_scale,16,64,64,4,int8,int8,float32
grouped_moe,olmoe_gate_up,1,2048,1024,16,1,4_channels,4,256,4.000000,0.080767,0.079778,0.080829,0.001412,0.953607,0.000000e+00,0.000000e+00,0.000000e+00,i8_grouped_moe_output_scale,16,64,64,4,int8,int8,float32
grouped_moe,olmoe_gate_up,1,2048,1024,16,1,8_channels,8,128,8.000000,0.079674,0.079673,0.079829,0.000183,0.966689,0.000000e+00,0.000000e+00,0.000000e+00,i8_grouped_moe_output_scale,16,64,64,4,int8,int8,float32
grouped_moe,olmoe_gate_up,1,2048,1024,16,1,16_channels,16,64,16.000000,0.077251,0.077237,0.077253,0.000746,0.997010,0.000000e+00,0.000000e+00,0.000000e+00,i8_grouped_moe_output_scale,16,64,64,4,int8,int8,float32
grouped_moe,olmoe_gate_up,1,2048,1024,16,1,per_tensor,1024,1,1024.000000,0.077601,0.077526,0.078241,0.001938,0.992513,0.000000e+00,0.000000e+00,0.000000e+00,i8_grouped_moe_output_scale,16,64,64,4,int8,int8,float32
grouped_moe,olmoe_gate_up,2,2048,1024,16,2,per_channel,1,1024,1.000000,0.079429,0.077985,0.080844,0.001913,1.000000,0.000000e+00,0.000000e+00,0.000000e+00,i8_grouped_moe_output_scale,16,64,64,4,int8,int8,float32
grouped_moe,olmoe_gate_up,2,2048,1024,16,2,2_channels,2,512,2.000000,0.077083,0.077069,0.077143,0.000428,1.030435,0.000000e+00,0.000000e+00,0.000000e+00,i8_grouped_moe_output_scale,16,64,64,4,int8,int8,float32
grouped_moe,olmoe_gate_up,2,2048,1024,16,2,4_channels,4,256,4.000000,0.076177,0.076130,0.076242,0.000116,1.042690,0.000000e+00,0.000000e+00,0.000000e+00,i8_grouped_moe_output_scale,16,64,64,4,int8,int8,float32
grouped_moe,olmoe_gate_up,2,2048,1024,16,2,8_channels,8,128,8.000000,0.077321,0.077310,0.077352,0.000122,1.027263,0.000000e+00,0.000000e+00,0.000000e+00,i8_grouped_moe_output_scale,16,64,64,4,int8,int8,float32
grouped_moe,olmoe_gate_up,2,2048,1024,16,2,16_channels,16,64,16.000000,0.076955,0.076861,0.079672,0.001852,1.032149,0.000000e+00,0.000000e+00,0.000000e+00,i8_grouped_moe_output_scale,16,64,64,4,int8,int8,float32
grouped_moe,olmoe_gate_up,2,2048,1024,16,2,per_tensor,1024,1,1024.000000,0.076668,0.076433,0.076700,0.001834,1.036012,0.000000e+00,0.000000e+00,0.000000e+00,i8_grouped_moe_output_scale,16,64,64,4,int8,int8,float32
grouped_moe,olmoe_gate_up,4,2048,1024,16,4,per_channel,1,1024,1.000000,0.078493,0.077721,0.079032,0.001083,1.000000,0.000000e+00,0.000000e+00,0.000000e+00,i8_grouped_moe_output_scale,16,64,64,4,int8,int8,float32
grouped_moe,olmoe_gate_up,4,2048,1024,16,4,2_channels,2,512,2.000000,0.077961,0.077922,0.082486,0.006778,1.006824,0.000000e+00,0.000000e+00,0.000000e+00,i8_grouped_moe_output_scale,16,64,64,4,int8,int8,float32
grouped_moe,olmoe_gate_up,4,2048,1024,16,4,4_channels,4,256,4.000000,0.077864,0.077705,0.077937,0.000586,1.008078,0.000000e+00,0.000000e+00,0.000000e+00,i8_grouped_moe_output_scale,16,64,64,4,int8,int8,float32
grouped_moe,olmoe_gate_up,4,2048,1024,16,4,8_channels,8,128,8.000000,0.076665,0.076615,0.076686,0.000128,1.023844,0.000000e+00,0.000000e+00,0.000000e+00,i8_grouped_moe_output_scale,16,64,64,4,int8,int8,float32
grouped_moe,olmoe_gate_up,4,2048,1024,16,4,16_channels,16,64,16.000000,0.077193,0.076890,0.077437,0.000285,1.016841,0.000000e+00,0.000000e+00,0.000000e+00,i8_grouped_moe_output_scale,16,64,64,4,int8,int8,float32
grouped_moe,olmoe_gate_up,4,2048,1024,16,4,per_tensor,1024,1,1024.000000,0.077620,0.077508,0.078046,0.006746,1.011247,0.000000e+00,0.000000e+00,0.000000e+00,i8_grouped_moe_output_scale,16,64,64,4,int8,int8,float32
grouped_moe,olmoe_gate_up,8,2048,1024,16,8,per_channel,1,1024,1.000000,0.077350,0.077349,0.077639,0.001673,1.000000,0.000000e+00,0.000000e+00,0.000000e+00,i8_grouped_moe_output_scale,16,64,64,4,int8,int8,float32
grouped_moe,olmoe_gate_up,8,2048,1024,16,8,2_channels,2,512,2.000000,0.077534,0.077276,0.077692,0.001040,0.997627,0.000000e+00,0.000000e+00,0.000000e+00,i8_grouped_moe_output_scale,16,64,64,4,int8,int8,float32
grouped_moe,olmoe_gate_up,8,2048,1024,16,8,4_channels,4,256,4.000000,0.076369,0.076176,0.077571,0.000807,1.012846,0.000000e+00,0.000000e+00,0.000000e+00,i8_grouped_moe_output_scale,16,64,64,4,int8,int8,float32
grouped_moe,olmoe_gate_up,8,2048,1024,16,8,8_channels,8,128,8.000000,0.076404,0.076284,0.076446,0.000470,1.012382,0.000000e+00,0.000000e+00,0.000000e+00,i8_grouped_moe_output_scale,16,64,64,4,int8,int8,float32
grouped_moe,olmoe_gate_up,8,2048,1024,16,8,16_channels,16,64,16.000000,0.077697,0.077267,0.084402,0.016881,0.995534,0.000000e+00,0.000000e+00,0.000000e+00,i8_grouped_moe_output_scale,16,64,64,4,int8,int8,float32
grouped_moe,olmoe_gate_up,8,2048,1024,16,8,per_tensor,1024,1,1024.000000,0.082961,0.082192,0.098996,0.011982,0.932366,0.000000e+00,0.000000e+00,0.000000e+00,i8_grouped_moe_output_scale,16,64,64,4,int8,int8,float32
full_gemm,olmoe_down,1,1024,2048,0,0,per_channel,1,2048,1.000000,0.096973,0.073625,0.114545,0.021392,1.000000,0.000000e+00,0.000000e+00,0.000000e+00,i8_full_gemm_output_scale,16,64,64,4,int8,int8,float32
full_gemm,olmoe_down,1,1024,2048,0,0,2_channels,2,1024,2.000000,0.075360,0.072996,0.075985,0.005106,1.286797,0.000000e+00,0.000000e+00,0.000000e+00,i8_full_gemm_output_scale,16,64,64,4,int8,int8,float32
full_gemm,olmoe_down,1,1024,2048,0,0,4_channels,4,512,4.000000,0.073162,0.072900,0.073187,0.000166,1.325456,0.000000e+00,0.000000e+00,0.000000e+00,i8_full_gemm_output_scale,16,64,64,4,int8,int8,float32
full_gemm,olmoe_down,1,1024,2048,0,0,8_channels,8,256,8.000000,0.072754,0.072677,0.072791,0.000179,1.332889,0.000000e+00,0.000000e+00,0.000000e+00,i8_full_gemm_output_scale,16,64,64,4,int8,int8,float32
full_gemm,olmoe_down,1,1024,2048,0,0,16_channels,16,128,16.000000,0.072466,0.072350,0.073007,0.001706,1.338186,0.000000e+00,0.000000e+00,0.000000e+00,i8_full_gemm_output_scale,16,64,64,4,int8,int8,float32
full_gemm,olmoe_down,1,1024,2048,0,0,per_tensor,2048,1,2048.000000,0.074595,0.073573,0.074874,0.002070,1.299993,0.000000e+00,0.000000e+00,0.000000e+00,i8_full_gemm_output_scale,16,64,64,4,int8,int8,float32
full_gemm,olmoe_down,2,1024,2048,0,0,per_channel,1,2048,1.000000,0.072695,0.072654,0.075355,0.001713,1.000000,0.000000e+00,0.000000e+00,0.000000e+00,i8_full_gemm_output_scale,16,64,64,4,int8,int8,float32
full_gemm,olmoe_down,2,1024,2048,0,0,2_channels,2,1024,2.000000,0.073218,0.072933,0.073231,0.001948,0.992857,0.000000e+00,0.000000e+00,0.000000e+00,i8_full_gemm_output_scale,16,64,64,4,int8,int8,float32
full_gemm,olmoe_down,2,1024,2048,0,0,4_channels,4,512,4.000000,0.082264,0.073657,0.096763,0.017543,0.883679,0.000000e+00,0.000000e+00,0.000000e+00,i8_full_gemm_output_scale,16,64,64,4,int8,int8,float32
full_gemm,olmoe_down,2,1024,2048,0,0,8_channels,8,256,8.000000,0.073243,0.072328,0.074381,0.002006,0.992518,0.000000e+00,0.000000e+00,0.000000e+00,i8_full_gemm_output_scale,16,64,64,4,int8,int8,float32
full_gemm,olmoe_down,2,1024,2048,0,0,16_channels,16,128,16.000000,0.073915,0.073265,0.076519,0.003970,0.983495,0.000000e+00,0.000000e+00,0.000000e+00,i8_full_gemm_output_scale,16,64,64,4,int8,int8,float32
full_gemm,olmoe_down,2,1024,2048,0,0,per_tensor,2048,1,2048.000000,0.073006,0.072805,0.073177,0.002100,0.995740,0.000000e+00,0.000000e+00,0.000000e+00,i8_full_gemm_output_scale,16,64,64,4,int8,int8,float32
full_gemm,olmoe_down,4,1024,2048,0,0,per_channel,1,2048,1.000000,0.072921,0.072794,0.073283,0.001375,1.000000,0.000000e+00,0.000000e+00,0.000000e+00,i8_full_gemm_output_scale,16,64,64,4,int8,int8,float32
full_gemm,olmoe_down,4,1024,2048,0,0,2_channels,2,1024,2.000000,0.072633,0.072623,0.072653,0.000062,1.003965,0.000000e+00,0.000000e+00,0.000000e+00,i8_full_gemm_output_scale,16,64,64,4,int8,int8,float32
full_gemm,olmoe_down,4,1024,2048,0,0,4_channels,4,512,4.000000,0.072959,0.072324,0.073116,0.000467,0.999479,0.000000e+00,0.000000e+00,0.000000e+00,i8_full_gemm_output_scale,16,64,64,4,int8,int8,float32
full_gemm,olmoe_down,4,1024,2048,0,0,8_channels,8,256,8.000000,0.072778,0.072775,0.072803,0.000042,1.001965,0.000000e+00,0.000000e+00,0.000000e+00,i8_full_gemm_output_scale,16,64,64,4,int8,int8,float32
full_gemm,olmoe_down,4,1024,2048,0,0,16_channels,16,128,16.000000,0.072731,0.072564,0.072847,0.001961,1.002612,0.000000e+00,0.000000e+00,0.000000e+00,i8_full_gemm_output_scale,16,64,64,4,int8,int8,float32
full_gemm,olmoe_down,4,1024,2048,0,0,per_tensor,2048,1,2048.000000,0.073133,0.073089,0.073154,0.001755,0.997101,0.000000e+00,0.000000e+00,0.000000e+00,i8_full_gemm_output_scale,16,64,64,4,int8,int8,float32
full_gemm,olmoe_down,8,1024,2048,0,0,per_channel,1,2048,1.000000,0.073291,0.073219,0.074557,0.001998,1.000000,0.000000e+00,0.000000e+00,0.000000e+00,i8_full_gemm_output_scale,16,64,64,4,int8,int8,float32
full_gemm,olmoe_down,8,1024,2048,0,0,2_channels,2,1024,2.000000,0.073265,0.073118,0.073295,0.002601,1.000355,0.000000e+00,0.000000e+00,0.000000e+00,i8_full_gemm_output_scale,16,64,64,4,int8,int8,float32
full_gemm,olmoe_down,8,1024,2048,0,0,4_channels,4,512,4.000000,0.073470,0.072693,0.076343,0.019473,0.997564,0.000000e+00,0.000000e+00,0.000000e+00,i8_full_gemm_output_scale,16,64,64,4,int8,int8,float32
full_gemm,olmoe_down,8,1024,2048,0,0,8_channels,8,256,8.000000,0.072759,0.072626,0.072985,0.002587,1.007312,0.000000e+00,0.000000e+00,0.000000e+00,i8_full_gemm_output_scale,16,64,64,4,int8,int8,float32
full_gemm,olmoe_down,8,1024,2048,0,0,16_channels,16,128,16.000000,0.073441,0.073147,0.073804,0.000447,0.997958,0.000000e+00,0.000000e+00,0.000000e+00,i8_full_gemm_output_scale,16,64,64,4,int8,int8,float32
full_gemm,olmoe_down,8,1024,2048,0,0,per_tensor,2048,1,2048.000000,0.073299,0.073069,0.073581,0.000443,0.999891,0.000000e+00,0.000000e+00,0.000000e+00,i8_full_gemm_output_scale,16,64,64,4,int8,int8,float32
full_gemm,olmoe_down,16,1024,2048,0,0,per_channel,1,2048,1.000000,0.074232,0.073673,0.074234,0.004692,1.000000,0.000000e+00,0.000000e+00,0.000000e+00,i8_full_gemm_output_scale,16,64,64,4,int8,int8,float32
full_gemm,olmoe_down,16,1024,2048,0,0,2_channels,2,1024,2.000000,0.073401,0.072668,0.073528,0.002073,1.011321,0.000000e+00,0.000000e+00,0.000000e+00,i8_full_gemm_output_scale,16,64,64,4,int8,int8,float32
full_gemm,olmoe_down,16,1024,2048,0,0,4_channels,4,512,4.000000,0.072678,0.072636,0.072801,0.000679,1.021382,0.000000e+00,0.000000e+00,0.000000e+00,i8_full_gemm_output_scale,16,64,64,4,int8,int8,float32
full_gemm,olmoe_down,16,1024,2048,0,0,8_channels,8,256,8.000000,0.076928,0.073632,0.087900,0.014753,0.964954,0.000000e+00,0.000000e+00,0.000000e+00,i8_full_gemm_output_scale,16,64,64,4,int8,int8,float32
full_gemm,olmoe_down,16,1024,2048,0,0,16_channels,16,128,16.000000,0.076647,0.072567,0.078521,0.004818,0.968492,0.000000e+00,0.000000e+00,0.000000e+00,i8_full_gemm_output_scale,16,64,64,4,int8,int8,float32
full_gemm,olmoe_down,16,1024,2048,0,0,per_tensor,2048,1,2048.000000,0.074883,0.074166,0.075039,0.002179,0.991306,0.000000e+00,0.000000e+00,0.000000e+00,i8_full_gemm_output_scale,16,64,64,4,int8,int8,float32
full_gemm,olmoe_down,32,1024,2048,0,0,per_channel,1,2048,1.000000,0.084675,0.076834,0.092207,0.009294,1.000000,0.000000e+00,0.000000e+00,0.000000e+00,i8_full_gemm_output_scale,16,64,64,4,int8,int8,float32
full_gemm,olmoe_down,32,1024,2048,0,0,2_channels,2,1024,2.000000,0.072778,0.072709,0.073033,0.014101,1.163470,0.000000e+00,0.000000e+00,0.000000e+00,i8_full_gemm_output_scale,16,64,64,4,int8,int8,float32
full_gemm,olmoe_down,32,1024,2048,0,0,4_channels,4,512,4.000000,0.073008,0.072980,0.073063,0.000272,1.159804,0.000000e+00,0.000000e+00,0.000000e+00,i8_full_gemm_output_scale,16,64,64,4,int8,int8,float32
full_gemm,olmoe_down,32,1024,2048,0,0,8_channels,8,256,8.000000,0.073430,0.073384,0.073439,0.003140,1.153139,0.000000e+00,0.000000e+00,0.000000e+00,i8_full_gemm_output_scale,16,64,64,4,int8,int8,float32
full_gemm,olmoe_down,32,1024,2048,0,0,16_channels,16,128,16.000000,0.072794,0.072743,0.072989,0.000461,1.163214,0.000000e+00,0.000000e+00,0.000000e+00,i8_full_gemm_output_scale,16,64,64,4,int8,int8,float32
full_gemm,olmoe_down,32,1024,2048,0,0,per_tensor,2048,1,2048.000000,0.072655,0.072592,0.073234,0.001863,1.165439,0.000000e+00,0.000000e+00,0.000000e+00,i8_full_gemm_output_scale,16,64,64,4,int8,int8,float32
full_gemm,olmoe_down,64,1024,2048,0,0,per_channel,1,2048,1.000000,0.073315,0.073252,0.073482,0.001146,1.000000,0.000000e+00,0.000000e+00,0.000000e+00,i8_full_gemm_output_scale,16,64,64,4,int8,int8,float32
full_gemm,olmoe_down,64,1024,2048,0,0,2_channels,2,1024,2.000000,0.073236,0.073109,0.073704,0.000432,1.001079,0.000000e+00,0.000000e+00,0.000000e+00,i8_full_gemm_output_scale,16,64,64,4,int8,int8,float32
full_gemm,olmoe_down,64,1024,2048,0,0,4_channels,4,512,4.000000,0.071862,0.071793,0.071877,0.000052,1.020219,0.000000e+00,0.000000e+00,0.000000e+00,i8_full_gemm_output_scale,16,64,64,4,int8,int8,float32
full_gemm,olmoe_down,64,1024,2048,0,0,8_channels,8,256,8.000000,0.072474,0.072376,0.081994,0.020820,1.011604,0.000000e+00,0.000000e+00,0.000000e+00,i8_full_gemm_output_scale,16,64,64,4,int8,int8,float32
full_gemm,olmoe_down,64,1024,2048,0,0,16_channels,16,128,16.000000,0.071977,0.071967,0.071998,0.000120,1.018589,0.000000e+00,0.000000e+00,0.000000e+00,i8_full_gemm_output_scale,16,64,64,4,int8,int8,float32
full_gemm,olmoe_down,64,1024,2048,0,0,per_tensor,2048,1,2048.000000,0.072361,0.072356,0.072434,0.000148,1.013184,0.000000e+00,0.000000e+00,0.000000e+00,i8_full_gemm_output_scale,16,64,64,4,int8,int8,float32
full_gemm,olmoe_down,128,1024,2048,0,0,per_channel,1,2048,1.000000,0.076380,0.075549,0.076665,0.006751,1.000000,0.000000e+00,0.000000e+00,0.000000e+00,i8_full_gemm_output_scale,16,64,64,4,int8,int8,float32
full_gemm,olmoe_down,128,1024,2048,0,0,2_channels,2,1024,2.000000,0.072814,0.072716,0.072960,0.002839,1.048974,0.000000e+00,0.000000e+00,0.000000e+00,i8_full_gemm_output_scale,16,64,64,4,int8,int8,float32
full_gemm,olmoe_down,128,1024,2048,0,0,4_channels,4,512,4.000000,0.073089,0.072994,0.073250,0.000596,1.045027,0.000000e+00,0.000000e+00,0.000000e+00,i8_full_gemm_output_scale,16,64,64,4,int8,int8,float32
full_gemm,olmoe_down,128,1024,2048,0,0,8_channels,8,256,8.000000,0.073002,0.072987,0.073014,0.001767,1.046273,0.000000e+00,0.000000e+00,0.000000e+00,i8_full_gemm_output_scale,16,64,64,4,int8,int8,float32
full_gemm,olmoe_down,128,1024,2048,0,0,16_channels,16,128,16.000000,0.072386,0.072296,0.075639,0.006281,1.055176,0.000000e+00,0.000000e+00,0.000000e+00,i8_full_gemm_output_scale,16,64,64,4,int8,int8,float32
full_gemm,olmoe_down,128,1024,2048,0,0,per_tensor,2048,1,2048.000000,0.073537,0.073471,0.073566,0.000208,1.038661,0.000000e+00,0.000000e+00,0.000000e+00,i8_full_gemm_output_scale,16,64,64,4,int8,int8,float32
epilogue_only,olmoe_down,1,1024,2048,0,0,per_channel,1,2048,1.000000,0.064028,0.064005,0.064361,0.000914,1.000000,0.000000e+00,0.000000e+00,0.000000e+00,i32_epilogue_output_scale,16,64,64,4,int8,int8,float32
epilogue_only,olmoe_down,1,1024,2048,0,0,2_channels,2,1024,2.000000,0.070071,0.065205,0.078922,0.014468,0.913759,0.000000e+00,0.000000e+00,0.000000e+00,i32_epilogue_output_scale,16,64,64,4,int8,int8,float32
epilogue_only,olmoe_down,1,1024,2048,0,0,4_channels,4,512,4.000000,0.064512,0.064110,0.064527,0.000402,0.992498,0.000000e+00,0.000000e+00,0.000000e+00,i32_epilogue_output_scale,16,64,64,4,int8,int8,float32
epilogue_only,olmoe_down,1,1024,2048,0,0,8_channels,8,256,8.000000,0.063981,0.063808,0.064020,0.000247,1.000735,0.000000e+00,0.000000e+00,0.000000e+00,i32_epilogue_output_scale,16,64,64,4,int8,int8,float32
epilogue_only,olmoe_down,1,1024,2048,0,0,16_channels,16,128,16.000000,0.063854,0.063792,0.064121,0.000518,1.002725,0.000000e+00,0.000000e+00,0.000000e+00,i32_epilogue_output_scale,16,64,64,4,int8,int8,float32
epilogue_only,olmoe_down,1,1024,2048,0,0,per_tensor,2048,1,2048.000000,0.064872,0.064855,0.065113,0.000332,0.986990,0.000000e+00,0.000000e+00,0.000000e+00,i32_epilogue_output_scale,16,64,64,4,int8,int8,float32
epilogue_only,olmoe_down,2,1024,2048,0,0,per_channel,1,2048,1.000000,0.069249,0.064706,0.085209,0.022795,1.000000,0.000000e+00,0.000000e+00,0.000000e+00,i32_epilogue_output_scale,16,64,64,4,int8,int8,float32
epilogue_only,olmoe_down,2,1024,2048,0,0,2_channels,2,1024,2.000000,0.064396,0.064131,0.064701,0.000703,1.075362,0.000000e+00,0.000000e+00,0.000000e+00,i32_epilogue_output_scale,16,64,64,4,int8,int8,float32
epilogue_only,olmoe_down,2,1024,2048,0,0,4_channels,4,512,4.000000,0.064450,0.064392,0.064808,0.001691,1.074461,0.000000e+00,0.000000e+00,0.000000e+00,i32_epilogue_output_scale,16,64,64,4,int8,int8,float32
epilogue_only,olmoe_down,2,1024,2048,0,0,8_channels,8,256,8.000000,0.064391,0.064333,0.065488,0.001636,1.075445,0.000000e+00,0.000000e+00,0.000000e+00,i32_epilogue_output_scale,16,64,64,4,int8,int8,float32
epilogue_only,olmoe_down,2,1024,2048,0,0,16_channels,16,128,16.000000,0.065217,0.064236,0.065302,0.001030,1.061824,0.000000e+00,0.000000e+00,0.000000e+00,i32_epilogue_output_scale,16,64,64,4,int8,int8,float32
epilogue_only,olmoe_down,2,1024,2048,0,0,per_tensor,2048,1,2048.000000,0.064793,0.064040,0.064821,0.002651,1.068773,0.000000e+00,0.000000e+00,0.000000e+00,i32_epilogue_output_scale,16,64,64,4,int8,int8,float32
epilogue_only,olmoe_down,4,1024,2048,0,0,per_channel,1,2048,1.000000,0.063912,0.063814,0.076683,0.012351,1.000000,0.000000e+00,0.000000e+00,0.000000e+00,i32_epilogue_output_scale,16,64,64,4,int8,int8,float32
epilogue_only,olmoe_down,4,1024,2048,0,0,2_channels,2,1024,2.000000,0.064445,0.064082,0.064596,0.010650,0.991729,0.000000e+00,0.000000e+00,0.000000e+00,i32_epilogue_output_scale,16,64,64,4,int8,int8,float32
epilogue_only,olmoe_down,4,1024,2048,0,0,4_channels,4,512,4.000000,0.065233,0.064630,0.066236,0.001787,0.979750,0.000000e+00,0.000000e+00,0.000000e+00,i32_epilogue_output_scale,16,64,64,4,int8,int8,float32
epilogue_only,olmoe_down,4,1024,2048,0,0,8_channels,8,256,8.000000,0.064160,0.064130,0.064214,0.002669,0.996135,0.000000e+00,0.000000e+00,0.000000e+00,i32_epilogue_output_scale,16,64,64,4,int8,int8,float32
epilogue_only,olmoe_down,4,1024,2048,0,0,16_channels,16,128,16.000000,0.065325,0.064681,0.065589,0.001613,0.978370,0.000000e+00,0.000000e+00,0.000000e+00,i32_epilogue_output_scale,16,64,64,4,int8,int8,float32
epilogue_only,olmoe_down,4,1024,2048,0,0,per_tensor,2048,1,2048.000000,0.064418,0.064346,0.064700,0.002042,0.992145,0.000000e+00,0.000000e+00,0.000000e+00,i32_epilogue_output_scale,16,64,64,4,int8,int8,float32
epilogue_only,olmoe_down,8,1024,2048,0,0,per_channel,1,2048,1.000000,0.064238,0.064035,0.064358,0.002262,1.000000,0.000000e+00,0.000000e+00,0.000000e+00,i32_epilogue_output_scale,16,64,64,4,int8,int8,float32
epilogue_only,olmoe_down,8,1024,2048,0,0,2_channels,2,1024,2.000000,0.064339,0.064321,0.065028,0.000967,0.998430,0.000000e+00,0.000000e+00,0.000000e+00,i32_epilogue_output_scale,16,64,64,4,int8,int8,float32
epilogue_only,olmoe_down,8,1024,2048,0,0,4_channels,4,512,4.000000,0.088584,0.067285,0.096234,0.017840,0.725165,0.000000e+00,0.000000e+00,0.000000e+00,i32_epilogue_output_scale,16,64,64,4,int8,int8,float32
epilogue_only,olmoe_down,8,1024,2048,0,0,8_channels,8,256,8.000000,0.072682,0.065746,0.074913,0.007312,0.883823,0.000000e+00,0.000000e+00,0.000000e+00,i32_epilogue_output_scale,16,64,64,4,int8,int8,float32
epilogue_only,olmoe_down,8,1024,2048,0,0,16_channels,16,128,16.000000,0.064323,0.064174,0.064324,0.000300,0.998679,0.000000e+00,0.000000e+00,0.000000e+00,i32_epilogue_output_scale,16,64,64,4,int8,int8,float32
epilogue_only,olmoe_down,8,1024,2048,0,0,per_tensor,2048,1,2048.000000,0.064405,0.064127,0.064593,0.001931,0.997407,0.000000e+00,0.000000e+00,0.000000e+00,i32_epilogue_output_scale,16,64,64,4,int8,int8,float32
epilogue_only,olmoe_down,16,1024,2048,0,0,per_channel,1,2048,1.000000,0.063920,0.063762,0.064683,0.001739,1.000000,0.000000e+00,0.000000e+00,0.000000e+00,i32_epilogue_output_scale,16,64,64,4,int8,int8,float32
epilogue_only,olmoe_down,16,1024,2048,0,0,2_channels,2,1024,2.000000,0.064527,0.064419,0.064652,0.000395,0.990593,0.000000e+00,0.000000e+00,0.000000e+00,i32_epilogue_output_scale,16,64,64,4,int8,int8,float32
epilogue_only,olmoe_down,16,1024,2048,0,0,4_channels,4,512,4.000000,0.064303,0.063972,0.064441,0.000706,0.994044,0.000000e+00,0.000000e+00,0.000000e+00,i32_epilogue_output_scale,16,64,64,4,int8,int8,float32
epilogue_only,olmoe_down,16,1024,2048,0,0,8_channels,8,256,8.000000,0.063753,0.063654,0.064154,0.006490,1.002619,0.000000e+00,0.000000e+00,0.000000e+00,i32_epilogue_output_scale,16,64,64,4,int8,int8,float32
epilogue_only,olmoe_down,16,1024,2048,0,0,16_channels,16,128,16.000000,0.066105,0.064825,0.066491,0.001016,0.966947,0.000000e+00,0.000000e+00,0.000000e+00,i32_epilogue_output_scale,16,64,64,4,int8,int8,float32
epilogue_only,olmoe_down,16,1024,2048,0,0,per_tensor,2048,1,2048.000000,0.063940,0.063888,0.064022,0.001148,0.999687,0.000000e+00,0.000000e+00,0.000000e+00,i32_epilogue_output_scale,16,64,64,4,int8,int8,float32
epilogue_only,olmoe_down,32,1024,2048,0,0,per_channel,1,2048,1.000000,0.064320,0.064164,0.064604,0.001765,1.000000,0.000000e+00,0.000000e+00,0.000000e+00,i32_epilogue_output_scale,16,64,64,4,int8,int8,float32
epilogue_only,olmoe_down,32,1024,2048,0,0,2_channels,2,1024,2.000000,0.064529,0.064132,0.066172,0.002396,0.996761,0.000000e+00,0.000000e+00,0.000000e+00,i32_epilogue_output_scale,16,64,64,4,int8,int8,float32
epilogue_only,olmoe_down,32,1024,2048,0,0,4_channels,4,512,4.000000,0.065397,0.064700,0.065885,0.001184,0.983531,0.000000e+00,0.000000e+00,0.000000e+00,i32_epilogue_output_scale,16,64,64,4,int8,int8,float32
epilogue_only,olmoe_down,32,1024,2048,0,0,8_channels,8,256,8.000000,0.065725,0.064721,0.068356,0.013167,0.978623,0.000000e+00,0.000000e+00,0.000000e+00,i32_epilogue_output_scale,16,64,64,4,int8,int8,float32
epilogue_only,olmoe_down,32,1024,2048,0,0,16_channels,16,128,16.000000,0.064127,0.063928,0.064205,0.000882,1.003010,0.000000e+00,0.000000e+00,0.000000e+00,i32_epilogue_output_scale,16,64,64,4,int8,int8,float32
epilogue_only,olmoe_down,32,1024,2048,0,0,per_tensor,2048,1,2048.000000,0.066880,0.063582,0.070121,0.027057,0.961722,0.000000e+00,0.000000e+00,0.000000e+00,i32_epilogue_output_scale,16,64,64,4,int8,int8,float32
epilogue_only,olmoe_down,64,1024,2048,0,0,per_channel,1,2048,1.000000,0.064074,0.063986,0.064376,0.004074,1.000000,0.000000e+00,0.000000e+00,0.000000e+00,i32_epilogue_output_scale,16,64,64,4,int8,int8,float32
epilogue_only,olmoe_down,64,1024,2048,0,0,2_channels,2,1024,2.000000,0.083034,0.082223,0.084597,0.007484,0.771660,0.000000e+00,0.000000e+00,0.000000e+00,i32_epilogue_output_scale,16,64,64,4,int8,int8,float32
epilogue_only,olmoe_down,64,1024,2048,0,0,4_channels,4,512,4.000000,0.066429,0.065820,0.066431,0.000912,0.964549,0.000000e+00,0.000000e+00,0.000000e+00,i32_epilogue_output_scale,16,64,64,4,int8,int8,float32
epilogue_only,olmoe_down,64,1024,2048,0,0,8_channels,8,256,8.000000,0.067158,0.066492,0.071432,0.004843,0.954078,0.000000e+00,0.000000e+00,0.000000e+00,i32_epilogue_output_scale,16,64,64,4,int8,int8,float32
epilogue_only,olmoe_down,64,1024,2048,0,0,16_channels,16,128,16.000000,0.072231,0.072101,0.072359,0.000226,0.887071,0.000000e+00,0.000000e+00,0.000000e+00,i32_epilogue_output_scale,16,64,64,4,int8,int8,float32
epilogue_only,olmoe_down,64,1024,2048,0,0,per_tensor,2048,1,2048.000000,0.063933,0.063917,0.063994,0.000318,1.002205,0.000000e+00,0.000000e+00,0.000000e+00,i32_epilogue_output_scale,16,64,64,4,int8,int8,float32
epilogue_only,olmoe_down,128,1024,2048,0,0,per_channel,1,2048,1.000000,0.064310,0.063938,0.064378,0.003626,1.000000,0.000000e+00,0.000000e+00,0.000000e+00,i32_epilogue_output_scale,16,64,64,4,int8,int8,float32
epilogue_only,olmoe_down,128,1024,2048,0,0,2_channels,2,1024,2.000000,0.063895,0.063852,0.069450,0.007661,1.006495,0.000000e+00,0.000000e+00,0.000000e+00,i32_epilogue_output_scale,16,64,64,4,int8,int8,float32
epilogue_only,olmoe_down,128,1024,2048,0,0,4_channels,4,512,4.000000,0.063807,0.063539,0.063858,0.004470,1.007883,0.000000e+00,0.000000e+00,0.000000e+00,i32_epilogue_output_scale,16,64,64,4,int8,int8,float32
epilogue_only,olmoe_down,128,1024,2048,0,0,8_channels,8,256,8.000000,0.066341,0.066340,0.066452,0.015281,0.969385,0.000000e+00,0.000000e+00,0.000000e+00,i32_epilogue_output_scale,16,64,64,4,int8,int8,float32
epilogue_only,olmoe_down,128,1024,2048,0,0,16_channels,16,128,16.000000,0.064516,0.064281,0.064838,0.000400,0.996807,0.000000e+00,0.000000e+00,0.000000e+00,i32_epilogue_output_scale,16,64,64,4,int8,int8,float32
epilogue_only,olmoe_down,128,1024,2048,0,0,per_tensor,2048,1,2048.000000,0.078528,0.066130,0.080669,0.008492,0.818944,0.000000e+00,0.000000e+00,0.000000e+00,i32_epilogue_output_scale,16,64,64,4,int8,int8,float32
grouped_moe,olmoe_down,1,1024,2048,2,1,per_channel,1,2048,1.000000,0.076706,0.076566,0.076753,0.000146,1.000000,0.000000e+00,0.000000e+00,0.000000e+00,i8_grouped_moe_output_scale,16,64,64,4,int8,int8,float32
grouped_moe,olmoe_down,1,1024,2048,2,1,2_channels,2,1024,2.000000,0.077529,0.077425,0.077616,0.000132,0.989385,0.000000e+00,0.000000e+00,0.000000e+00,i8_grouped_moe_output_scale,16,64,64,4,int8,int8,float32
grouped_moe,olmoe_down,1,1024,2048,2,1,4_channels,4,512,4.000000,0.076781,0.076651,0.076960,0.001725,0.999023,0.000000e+00,0.000000e+00,0.000000e+00,i8_grouped_moe_output_scale,16,64,64,4,int8,int8,float32
grouped_moe,olmoe_down,1,1024,2048,2,1,8_channels,8,256,8.000000,0.076811,0.076791,0.076848,0.000899,0.998633,0.000000e+00,0.000000e+00,0.000000e+00,i8_grouped_moe_output_scale,16,64,64,4,int8,int8,float32
grouped_moe,olmoe_down,1,1024,2048,2,1,16_channels,16,128,16.000000,0.077450,0.077345,0.077497,0.000102,0.990394,0.000000e+00,0.000000e+00,0.000000e+00,i8_grouped_moe_output_scale,16,64,64,4,int8,int8,float32
grouped_moe,olmoe_down,1,1024,2048,2,1,per_tensor,2048,1,2048.000000,0.076972,0.076819,0.077146,0.000195,0.996544,0.000000e+00,0.000000e+00,0.000000e+00,i8_grouped_moe_output_scale,16,64,64,4,int8,int8,float32
grouped_moe,olmoe_down,2,1024,2048,2,2,per_channel,1,2048,1.000000,0.081010,0.080392,0.088702,0.004659,1.000000,0.000000e+00,0.000000e+00,0.000000e+00,i8_grouped_moe_output_scale,16,64,64,4,int8,int8,float32
grouped_moe,olmoe_down,2,1024,2048,2,2,2_channels,2,1024,2.000000,0.077137,0.076852,0.077144,0.000196,1.050209,0.000000e+00,0.000000e+00,0.000000e+00,i8_grouped_moe_output_scale,16,64,64,4,int8,int8,float32
grouped_moe,olmoe_down,2,1024,2048,2,2,4_channels,4,512,4.000000,0.077422,0.077222,0.077603,0.000332,1.046343,0.000000e+00,0.000000e+00,0.000000e+00,i8_grouped_moe_output_scale,16,64,64,4,int8,int8,float32
grouped_moe,olmoe_down,2,1024,2048,2,2,8_channels,8,256,8.000000,0.077026,0.076996,0.077732,0.000607,1.051723,0.000000e+00,0.000000e+00,0.000000e+00,i8_grouped_moe_output_scale,16,64,64,4,int8,int8,float32
grouped_moe,olmoe_down,2,1024,2048,2,2,16_channels,16,128,16.000000,0.077916,0.077860,0.077918,0.000255,1.039709,0.000000e+00,0.000000e+00,0.000000e+00,i8_grouped_moe_output_scale,16,64,64,4,int8,int8,float32
grouped_moe,olmoe_down,2,1024,2048,2,2,per_tensor,2048,1,2048.000000,0.077456,0.077376,0.079366,0.001756,1.045884,0.000000e+00,0.000000e+00,0.000000e+00,i8_grouped_moe_output_scale,16,64,64,4,int8,int8,float32
grouped_moe,olmoe_down,4,1024,2048,2,4,per_channel,1,2048,1.000000,0.077045,0.076995,0.077077,0.000200,1.000000,0.000000e+00,0.000000e+00,0.000000e+00,i8_grouped_moe_output_scale,16,64,64,4,int8,int8,float32
grouped_moe,olmoe_down,4,1024,2048,2,4,2_channels,2,1024,2.000000,0.076927,0.076734,0.076955,0.000202,1.001534,0.000000e+00,0.000000e+00,0.000000e+00,i8_grouped_moe_output_scale,16,64,64,4,int8,int8,float32
grouped_moe,olmoe_down,4,1024,2048,2,4,4_channels,4,512,4.000000,0.076617,0.076527,0.077458,0.001748,1.005586,0.000000e+00,0.000000e+00,0.000000e+00,i8_grouped_moe_output_scale,16,64,64,4,int8,int8,float32
grouped_moe,olmoe_down,4,1024,2048,2,4,8_channels,8,256,8.000000,0.076817,0.076493,0.076933,0.000401,1.002968,0.000000e+00,0.000000e+00,0.000000e+00,i8_grouped_moe_output_scale,16,64,64,4,int8,int8,float32
grouped_moe,olmoe_down,4,1024,2048,2,4,16_channels,16,128,16.000000,0.077615,0.077122,0.077692,0.000397,0.992656,0.000000e+00,0.000000e+00,0.000000e+00,i8_grouped_moe_output_scale,16,64,64,4,int8,int8,float32
grouped_moe,olmoe_down,4,1024,2048,2,4,per_tensor,2048,1,2048.000000,0.077517,0.077331,0.077767,0.000382,0.993911,0.000000e+00,0.000000e+00,0.000000e+00,i8_grouped_moe_output_scale,16,64,64,4,int8,int8,float32
grouped_moe,olmoe_down,8,1024,2048,2,8,per_channel,1,2048,1.000000,0.077735,0.077390,0.077893,0.000336,1.000000,0.000000e+00,0.000000e+00,0.000000e+00,i8_grouped_moe_output_scale,16,64,64,4,int8,int8,float32
grouped_moe,olmoe_down,8,1024,2048,2,8,2_channels,2,1024,2.000000,0.078493,0.077490,0.089151,0.019939,0.990343,0.000000e+00,0.000000e+00,0.000000e+00,i8_grouped_moe_output_scale,16,64,64,4,int8,int8,float32
grouped_moe,olmoe_down,8,1024,2048,2,8,4_channels,4,512,4.000000,0.076977,0.076914,0.077041,0.000091,1.009847,0.000000e+00,0.000000e+00,0.000000e+00,i8_grouped_moe_output_scale,16,64,64,4,int8,int8,float32
grouped_moe,olmoe_down,8,1024,2048,2,8,8_channels,8,256,8.000000,0.093624,0.089118,0.099977,0.007480,0.830289,0.000000e+00,0.000000e+00,0.000000e+00,i8_grouped_moe_output_scale,16,64,64,4,int8,int8,float32
grouped_moe,olmoe_down,8,1024,2048,2,8,16_channels,16,128,16.000000,0.077584,0.077552,0.077657,0.000070,1.001946,0.000000e+00,0.000000e+00,0.000000e+00,i8_grouped_moe_output_scale,16,64,64,4,int8,int8,float32
grouped_moe,olmoe_down,8,1024,2048,2,8,per_tensor,2048,1,2048.000000,0.077656,0.077552,0.077670,0.000076,1.001017,0.000000e+00,0.000000e+00,0.000000e+00,i8_grouped_moe_output_scale,16,64,64,4,int8,int8,float32
grouped_moe,olmoe_down,1,1024,2048,4,1,per_channel,1,2048,1.000000,0.090868,0.085014,0.103271,0.015047,1.000000,0.000000e+00,0.000000e+00,0.000000e+00,i8_grouped_moe_output_scale,16,64,64,4,int8,int8,float32
grouped_moe,olmoe_down,1,1024,2048,4,1,2_channels,2,1024,2.000000,0.077399,0.076950,0.084382,0.004735,1.174020,0.000000e+00,0.000000e+00,0.000000e+00,i8_grouped_moe_output_scale,16,64,64,4,int8,int8,float32
grouped_moe,olmoe_down,1,1024,2048,4,1,4_channels,4,512,4.000000,0.076627,0.076601,0.077470,0.001766,1.185848,0.000000e+00,0.000000e+00,0.000000e+00,i8_grouped_moe_output_scale,16,64,64,4,int8,int8,float32
grouped_moe,olmoe_down,1,1024,2048,4,1,8_channels,8,256,8.000000,0.076817,0.076600,0.076950,0.001394,1.182915,0.000000e+00,0.000000e+00,0.000000e+00,i8_grouped_moe_output_scale,16,64,64,4,int8,int8,float32
grouped_moe,olmoe_down,1,1024,2048,4,1,16_channels,16,128,16.000000,0.077205,0.077038,0.077493,0.000260,1.176970,0.000000e+00,0.000000e+00,0.000000e+00,i8_grouped_moe_output_scale,16,64,64,4,int8,int8,float32
grouped_moe,olmoe_down,1,1024,2048,4,1,per_tensor,2048,1,2048.000000,0.109123,0.096458,0.109168,0.013369,0.832712,0.000000e+00,0.000000e+00,0.000000e+00,i8_grouped_moe_output_scale,16,64,64,4,int8,int8,float32
grouped_moe,olmoe_down,2,1024,2048,4,2,per_channel,1,2048,1.000000,0.077857,0.077068,0.093983,0.010591,1.000000,0.000000e+00,0.000000e+00,0.000000e+00,i8_grouped_moe_output_scale,16,64,64,4,int8,int8,float32
grouped_moe,olmoe_down,2,1024,2048,4,2,2_channels,2,1024,2.000000,0.079737,0.079673,0.079746,0.011145,0.976422,0.000000e+00,0.000000e+00,0.000000e+00,i8_grouped_moe_output_scale,16,64,64,4,int8,int8,float32
grouped_moe,olmoe_down,2,1024,2048,4,2,4_channels,4,512,4.000000,0.077304,0.077103,0.077483,0.011660,1.007154,0.000000e+00,0.000000e+00,0.000000e+00,i8_grouped_moe_output_scale,16,64,64,4,int8,int8,float32
grouped_moe,olmoe_down,2,1024,2048,4,2,8_channels,8,256,8.000000,0.077202,0.077091,0.077469,0.000213,1.008484,0.000000e+00,0.000000e+00,0.000000e+00,i8_grouped_moe_output_scale,16,64,64,4,int8,int8,float32
grouped_moe,olmoe_down,2,1024,2048,4,2,16_channels,16,128,16.000000,0.077326,0.077296,0.077449,0.000131,1.006867,0.000000e+00,0.000000e+00,0.000000e+00,i8_grouped_moe_output_scale,16,64,64,4,int8,int8,float32
grouped_moe,olmoe_down,2,1024,2048,4,2,per_tensor,2048,1,2048.000000,0.077414,0.077386,0.077582,0.000263,1.005722,0.000000e+00,0.000000e+00,0.000000e+00,i8_grouped_moe_output_scale,16,64,64,4,int8,int8,float32
grouped_moe,olmoe_down,4,1024,2048,4,4,per_channel,1,2048,1.000000,0.079222,0.077477,0.079738,0.002880,1.000000,0.000000e+00,0.000000e+00,0.000000e+00,i8_grouped_moe_output_scale,16,64,64,4,int8,int8,float32
grouped_moe,olmoe_down,4,1024,2048,4,4,2_channels,2,1024,2.000000,0.077890,0.077106,0.078588,0.008343,1.017101,0.000000e+00,0.000000e+00,0.000000e+00,i8_grouped_moe_output_scale,16,64,64,4,int8,int8,float32
grouped_moe,olmoe_down,4,1024,2048,4,4,4_channels,4,512,4.000000,0.076818,0.076513,0.077166,0.002063,1.031295,0.000000e+00,0.000000e+00,0.000000e+00,i8_grouped_moe_output_scale,16,64,64,4,int8,int8,float32
grouped_moe,olmoe_down,4,1024,2048,4,4,8_channels,8,256,8.000000,0.076917,0.076727,0.077214,0.001624,1.029967,0.000000e+00,0.000000e+00,0.000000e+00,i8_grouped_moe_output_scale,16,64,64,4,int8,int8,float32
grouped_moe,olmoe_down,4,1024,2048,4,4,16_channels,16,128,16.000000,0.077676,0.077663,0.078385,0.002013,1.019903,0.000000e+00,0.000000e+00,0.000000e+00,i8_grouped_moe_output_scale,16,64,64,4,int8,int8,float32
grouped_moe,olmoe_down,4,1024,2048,4,4,per_tensor,2048,1,2048.000000,0.078209,0.077578,0.078311,0.003802,1.012952,0.000000e+00,0.000000e+00,0.000000e+00,i8_grouped_moe_output_scale,16,64,64,4,int8,int8,float32
grouped_moe,olmoe_down,8,1024,2048,4,8,per_channel,1,2048,1.000000,0.077601,0.077476,0.077604,0.000119,1.000000,0.000000e+00,0.000000e+00,0.000000e+00,i8_grouped_moe_output_scale,16,64,64,4,int8,int8,float32
grouped_moe,olmoe_down,8,1024,2048,4,8,2_channels,2,1024,2.000000,0.077085,0.077030,0.077199,0.005255,1.006694,0.000000e+00,0.000000e+00,0.000000e+00,i8_grouped_moe_output_scale,16,64,64,4,int8,int8,float32
grouped_moe,olmoe_down,8,1024,2048,4,8,4_channels,4,512,4.000000,0.077331,0.077270,0.077453,0.000224,1.003491,0.000000e+00,0.000000e+00,0.000000e+00,i8_grouped_moe_output_scale,16,64,64,4,int8,int8,float32
grouped_moe,olmoe_down,8,1024,2048,4,8,8_channels,8,256,8.000000,0.077102,0.076998,0.077892,0.000660,1.006472,0.000000e+00,0.000000e+00,0.000000e+00,i8_grouped_moe_output_scale,16,64,64,4,int8,int8,float32
grouped_moe,olmoe_down,8,1024,2048,4,8,16_channels,16,128,16.000000,0.077189,0.077169,0.077218,0.002794,1.005338,0.000000e+00,0.000000e+00,0.000000e+00,i8_grouped_moe_output_scale,16,64,64,4,int8,int8,float32
grouped_moe,olmoe_down,8,1024,2048,4,8,per_tensor,2048,1,2048.000000,0.077837,0.077769,0.078402,0.000678,0.996968,0.000000e+00,0.000000e+00,0.000000e+00,i8_grouped_moe_output_scale,16,64,64,4,int8,int8,float32
grouped_moe,olmoe_down,1,1024,2048,8,1,per_channel,1,2048,1.000000,0.076680,0.076429,0.076717,0.000248,1.000000,0.000000e+00,0.000000e+00,0.000000e+00,i8_grouped_moe_output_scale,16,64,64,4,int8,int8,float32
grouped_moe,olmoe_down,1,1024,2048,8,1,2_channels,2,1024,2.000000,0.077309,0.076911,0.077452,0.000787,0.991864,0.000000e+00,0.000000e+00,0.000000e+00,i8_grouped_moe_output_scale,16,64,64,4,int8,int8,float32
grouped_moe,olmoe_down,1,1024,2048,8,1,4_channels,4,512,4.000000,0.077149,0.076855,0.080409,0.001957,0.993921,0.000000e+00,0.000000e+00,0.000000e+00,i8_grouped_moe_output_scale,16,64,64,4,int8,int8,float32
grouped_moe,olmoe_down,1,1024,2048,8,1,8_channels,8,256,8.000000,0.077133,0.077083,0.077674,0.001620,0.994127,0.000000e+00,0.000000e+00,0.000000e+00,i8_grouped_moe_output_scale,16,64,64,4,int8,int8,float32
grouped_moe,olmoe_down,1,1024,2048,8,1,16_channels,16,128,16.000000,0.077410,0.077278,0.077420,0.000122,0.990570,0.000000e+00,0.000000e+00,0.000000e+00,i8_grouped_moe_output_scale,16,64,64,4,int8,int8,float32
grouped_moe,olmoe_down,1,1024,2048,8,1,per_tensor,2048,1,2048.000000,0.077658,0.077572,0.077757,0.000131,0.987406,0.000000e+00,0.000000e+00,0.000000e+00,i8_grouped_moe_output_scale,16,64,64,4,int8,int8,float32
grouped_moe,olmoe_down,2,1024,2048,8,2,per_channel,1,2048,1.000000,0.079942,0.079926,0.086228,0.005472,1.000000,0.000000e+00,0.000000e+00,0.000000e+00,i8_grouped_moe_output_scale,16,64,64,4,int8,int8,float32
grouped_moe,olmoe_down,2,1024,2048,8,2,2_channels,2,1024,2.000000,0.078206,0.077483,0.078525,0.000853,1.022198,0.000000e+00,0.000000e+00,0.000000e+00,i8_grouped_moe_output_scale,16,64,64,4,int8,int8,float32
grouped_moe,olmoe_down,2,1024,2048,8,2,4_channels,4,512,4.000000,0.077462,0.077448,0.078083,0.000406,1.032016,0.000000e+00,0.000000e+00,0.000000e+00,i8_grouped_moe_output_scale,16,64,64,4,int8,int8,float32
grouped_moe,olmoe_down,2,1024,2048,8,2,8_channels,8,256,8.000000,0.077141,0.077091,0.077310,0.000160,1.036310,0.000000e+00,0.000000e+00,0.000000e+00,i8_grouped_moe_output_scale,16,64,64,4,int8,int8,float32
grouped_moe,olmoe_down,2,1024,2048,8,2,16_channels,16,128,16.000000,0.076919,0.076841,0.077339,0.000721,1.039301,0.000000e+00,0.000000e+00,0.000000e+00,i8_grouped_moe_output_scale,16,64,64,4,int8,int8,float32
grouped_moe,olmoe_down,2,1024,2048,8,2,per_tensor,2048,1,2048.000000,0.077208,0.076877,0.077293,0.000620,1.035411,0.000000e+00,0.000000e+00,0.000000e+00,i8_grouped_moe_output_scale,16,64,64,4,int8,int8,float32
grouped_moe,olmoe_down,4,1024,2048,8,4,per_channel,1,2048,1.000000,0.077980,0.077471,0.080108,0.001792,1.000000,0.000000e+00,0.000000e+00,0.000000e+00,i8_grouped_moe_output_scale,16,64,64,4,int8,int8,float32
grouped_moe,olmoe_down,4,1024,2048,8,4,2_channels,2,1024,2.000000,0.077578,0.077555,0.077603,0.000558,1.005182,0.000000e+00,0.000000e+00,0.000000e+00,i8_grouped_moe_output_scale,16,64,64,4,int8,int8,float32
grouped_moe,olmoe_down,4,1024,2048,8,4,4_channels,4,512,4.000000,0.077111,0.076996,0.077196,0.004574,1.011269,0.000000e+00,0.000000e+00,0.000000e+00,i8_grouped_moe_output_scale,16,64,64,4,int8,int8,float32
grouped_moe,olmoe_down,4,1024,2048,8,4,8_channels,8,256,8.000000,0.081253,0.078523,0.084604,0.005887,0.959718,0.000000e+00,0.000000e+00,0.000000e+00,i8_grouped_moe_output_scale,16,64,64,4,int8,int8,float32
grouped_moe,olmoe_down,4,1024,2048,8,4,16_channels,16,128,16.000000,0.077058,0.076966,0.077186,0.004308,1.011965,0.000000e+00,0.000000e+00,0.000000e+00,i8_grouped_moe_output_scale,16,64,64,4,int8,int8,float32
grouped_moe,olmoe_down,4,1024,2048,8,4,per_tensor,2048,1,2048.000000,0.077331,0.077153,0.078108,0.004048,1.008392,0.000000e+00,0.000000e+00,0.000000e+00,i8_grouped_moe_output_scale,16,64,64,4,int8,int8,float32
grouped_moe,olmoe_down,8,1024,2048,8,8,per_channel,1,2048,1.000000,0.077444,0.077271,0.077741,0.000524,1.000000,0.000000e+00,0.000000e+00,0.000000e+00,i8_grouped_moe_output_scale,16,64,64,4,int8,int8,float32
grouped_moe,olmoe_down,8,1024,2048,8,8,2_channels,2,1024,2.000000,0.077091,0.077039,0.077122,0.000078,1.004579,0.000000e+00,0.000000e+00,0.000000e+00,i8_grouped_moe_output_scale,16,64,64,4,int8,int8,float32
grouped_moe,olmoe_down,8,1024,2048,8,8,4_channels,4,512,4.000000,0.088811,0.078870,0.098067,0.019661,0.872009,0.000000e+00,0.000000e+00,0.000000e+00,i8_grouped_moe_output_scale,16,64,64,4,int8,int8,float32
grouped_moe,olmoe_down,8,1024,2048,8,8,8_channels,8,256,8.000000,0.077274,0.077220,0.077284,0.000078,1.002200,0.000000e+00,0.000000e+00,0.000000e+00,i8_grouped_moe_output_scale,16,64,64,4,int8,int8,float32
grouped_moe,olmoe_down,8,1024,2048,8,8,16_channels,16,128,16.000000,0.077243,0.077172,0.077268,0.000120,1.002602,0.000000e+00,0.000000e+00,0.000000e+00,i8_grouped_moe_output_scale,16,64,64,4,int8,int8,float32
grouped_moe,olmoe_down,8,1024,2048,8,8,per_tensor,2048,1,2048.000000,0.077468,0.077414,0.077537,0.000139,0.999690,0.000000e+00,0.000000e+00,0.000000e+00,i8_grouped_moe_output_scale,16,64,64,4,int8,int8,float32
grouped_moe,olmoe_down,1,1024,2048,16,1,per_channel,1,2048,1.000000,0.076484,0.076458,0.076704,0.000166,1.000000,0.000000e+00,0.000000e+00,0.000000e+00,i8_grouped_moe_output_scale,16,64,64,4,int8,int8,float32
grouped_moe,olmoe_down,1,1024,2048,16,1,2_channels,2,1024,2.000000,0.076952,0.076713,0.078063,0.005254,0.993918,0.000000e+00,0.000000e+00,0.000000e+00,i8_grouped_moe_output_scale,16,64,64,4,int8,int8,float32
grouped_moe,olmoe_down,1,1024,2048,16,1,4_channels,4,512,4.000000,0.079966,0.079662,0.081294,0.004897,0.956456,0.000000e+00,0.000000e+00,0.000000e+00,i8_grouped_moe_output_scale,16,64,64,4,int8,int8,float32
grouped_moe,olmoe_down,1,1024,2048,16,1,8_channels,8,256,8.000000,0.081187,0.079321,0.083360,0.002664,0.942072,0.000000e+00,0.000000e+00,0.000000e+00,i8_grouped_moe_output_scale,16,64,64,4,int8,int8,float32
grouped_moe,olmoe_down,1,1024,2048,16,1,16_channels,16,128,16.000000,0.077242,0.077163,0.077272,0.000082,0.990187,0.000000e+00,0.000000e+00,0.000000e+00,i8_grouped_moe_output_scale,16,64,64,4,int8,int8,float32
grouped_moe,olmoe_down,1,1024,2048,16,1,per_tensor,2048,1,2048.000000,0.076847,0.076700,0.077101,0.000212,0.995276,0.000000e+00,0.000000e+00,0.000000e+00,i8_grouped_moe_output_scale,16,64,64,4,int8,int8,float32
grouped_moe,olmoe_down,2,1024,2048,16,2,per_channel,1,2048,1.000000,0.077421,0.077352,0.077425,0.000454,1.000000,0.000000e+00,0.000000e+00,0.000000e+00,i8_grouped_moe_output_scale,16,64,64,4,int8,int8,float32
grouped_moe,olmoe_down,2,1024,2048,16,2,2_channels,2,1024,2.000000,0.076708,0.076590,0.076747,0.000229,1.009295,0.000000e+00,0.000000e+00,0.000000e+00,i8_grouped_moe_output_scale,16,64,64,4,int8,int8,float32
grouped_moe,olmoe_down,2,1024,2048,16,2,4_channels,4,512,4.000000,0.078018,0.077876,0.079949,0.001378,0.992348,0.000000e+00,0.000000e+00,0.000000e+00,i8_grouped_moe_output_scale,16,64,64,4,int8,int8,float32
grouped_moe,olmoe_down,2,1024,2048,16,2,8_channels,8,256,8.000000,0.077142,0.077135,0.077262,0.000210,1.003617,0.000000e+00,0.000000e+00,0.000000e+00,i8_grouped_moe_output_scale,16,64,64,4,int8,int8,float32
grouped_moe,olmoe_down,2,1024,2048,16,2,16_channels,16,128,16.000000,0.076860,0.076665,0.076944,0.000211,1.007299,0.000000e+00,0.000000e+00,0.000000e+00,i8_grouped_moe_output_scale,16,64,64,4,int8,int8,float32
grouped_moe,olmoe_down,2,1024,2048,16,2,per_tensor,2048,1,2048.000000,0.077001,0.076617,0.077114,0.000388,1.005454,0.000000e+00,0.000000e+00,0.000000e+00,i8_grouped_moe_output_scale,16,64,64,4,int8,int8,float32
grouped_moe,olmoe_down,4,1024,2048,16,4,per_channel,1,2048,1.000000,0.077300,0.076990,0.077429,0.000387,1.000000,0.000000e+00,0.000000e+00,0.000000e+00,i8_grouped_moe_output_scale,16,64,64,4,int8,int8,float32
grouped_moe,olmoe_down,4,1024,2048,16,4,2_channels,2,1024,2.000000,0.077375,0.077075,0.077475,0.000262,0.999031,0.000000e+00,0.000000e+00,0.000000e+00,i8_grouped_moe_output_scale,16,64,64,4,int8,int8,float32
grouped_moe,olmoe_down,4,1024,2048,16,4,4_channels,4,512,4.000000,0.076619,0.076455,0.079621,0.001983,1.008888,0.000000e+00,0.000000e+00,0.000000e+00,i8_grouped_moe_output_scale,16,64,64,4,int8,int8,float32
grouped_moe,olmoe_down,4,1024,2048,16,4,8_channels,8,256,8.000000,0.076982,0.076694,0.078751,0.001842,1.004131,0.000000e+00,0.000000e+00,0.000000e+00,i8_grouped_moe_output_scale,16,64,64,4,int8,int8,float32
grouped_moe,olmoe_down,4,1024,2048,16,4,16_channels,16,128,16.000000,0.089026,0.077541,0.096884,0.011945,0.868286,0.000000e+00,0.000000e+00,0.000000e+00,i8_grouped_moe_output_scale,16,64,64,4,int8,int8,float32
grouped_moe,olmoe_down,4,1024,2048,16,4,per_tensor,2048,1,2048.000000,0.077631,0.077618,0.077711,0.000209,0.995736,0.000000e+00,0.000000e+00,0.000000e+00,i8_grouped_moe_output_scale,16,64,64,4,int8,int8,float32
grouped_moe,olmoe_down,8,1024,2048,16,8,per_channel,1,2048,1.000000,0.076733,0.076651,0.076775,0.000100,1.000000,0.000000e+00,0.000000e+00,0.000000e+00,i8_grouped_moe_output_scale,16,64,64,4,int8,int8,float32
grouped_moe,olmoe_down,8,1024,2048,16,8,2_channels,2,1024,2.000000,0.077342,0.077284,0.077365,0.000174,0.992126,0.000000e+00,0.000000e+00,0.000000e+00,i8_grouped_moe_output_scale,16,64,64,4,int8,int8,float32
grouped_moe,olmoe_down,8,1024,2048,16,8,4_channels,4,512,4.000000,0.077567,0.077247,0.077697,0.001665,0.989248,0.000000e+00,0.000000e+00,0.000000e+00,i8_grouped_moe_output_scale,16,64,64,4,int8,int8,float32
grouped_moe,olmoe_down,8,1024,2048,16,8,8_channels,8,256,8.000000,0.077231,0.077035,0.077346,0.000272,0.993552,0.000000e+00,0.000000e+00,0.000000e+00,i8_grouped_moe_output_scale,16,64,64,4,int8,int8,float32
grouped_moe,olmoe_down,8,1024,2048,16,8,16_channels,16,128,16.000000,0.076871,0.076759,0.076944,0.000366,0.998205,0.000000e+00,0.000000e+00,0.000000e+00,i8_grouped_moe_output_scale,16,64,64,4,int8,int8,float32
grouped_moe,olmoe_down,8,1024,2048,16,8,per_tensor,2048,1,2048.000000,0.077073,0.077055,0.077242,0.000247,0.995589,0.000000e+00,0.000000e+00,0.000000e+00,i8_grouped_moe_output_scale,16,64,64,4,int8,int8,float32
