preset,variant,active_experts,tokens_per_expert,total_routed_tokens,hidden_size,intermediate_size,num_experts_model,top_k_model,ose_topk,main_weight_group_size,ose_weight_group_size,gate_channels_per_scale,down_channels_per_scale,duquant_block_size,duquant_rotation_stages,include_duquant_permutation,include_down_duquant_transform,latency_ms,latency_q20_ms,latency_q80_ms,latency_std_ms,speedup_over_duquant_once,speedup_over_plain_no_ose,max_abs_error,max_rel_error,kernel_sequence,block_m,block_n,block_k,num_warps,dtype
olmoe,duquant_once,1,1,1,2048,1024,64,8,64,2048,1,1024,2048,128,2,1,1,0.849750,0.848501,0.935049,0.056339,1.000000,0.755913,0.000000e+00,0.000000e+00,gateup_duquant_once+dyn_quant+2x_i8_gemm+silu+common_down,16,64,64,4,w8a8_int8_gemm_fp32_accum_fp16_output
olmoe,plain_no_ose,1,1,1,2048,1024,64,8,64,2048,1,1024,2048,128,2,1,1,0.642337,0.640904,0.643399,0.002855,1.322904,1.000000,0.000000e+00,0.000000e+00,dyn_quant+2x_i8_gemm+silu+common_down,16,64,64,4,w8a8_int8_gemm_fp32_accum_fp16_output
olmoe,ours_ose_w8a8,1,1,1,2048,1024,64,8,64,2048,1,1024,2048,128,2,1,1,0.748807,0.747821,0.753620,0.076138,1.134805,0.857814,0.000000e+00,0.000000e+00,dyn_quant+2x_i8_main_gemm+ose_w8a8_two_proj+silu+common_down,16,64,64,4,w8a8_int8_gemm_fp32_accum_fp16_output
olmoe,component_gateup_duquant_transform,1,1,1,2048,1024,64,8,64,2048,1,1024,2048,128,2,1,1,0.202912,0.202490,0.203071,0.001038,4.187776,3.165594,0.000000e+00,0.000000e+00,gateup_duquant_transform_only,16,64,64,4,w8a8_int8_gemm_fp32_accum_fp16_output
olmoe,component_ose_w8a8_branch,1,1,1,2048,1024,64,8,64,2048,1,1024,2048,128,2,1,1,0.098081,0.097868,0.098298,0.000575,8.663758,6.549046,0.000000e+00,0.000000e+00,ose_w8a8_two_proj_only,16,64,64,4,w8a8_int8_gemm_fp32_accum_fp16_output
olmoe,duquant_once,1,2,2,2048,1024,64,8,64,2048,1,1024,2048,128,2,1,1,0.865086,0.851976,0.867921,0.010124,1.000000,0.742494,0.000000e+00,0.000000e+00,gateup_duquant_once+dyn_quant+2x_i8_gemm+silu+common_down,16,64,64,4,w8a8_int8_gemm_fp32_accum_fp16_output
olmoe,plain_no_ose,1,2,2,2048,1024,64,8,64,2048,1,1024,2048,128,2,1,1,0.642321,0.636717,0.653001,0.017862,1.346813,1.000000,0.000000e+00,0.000000e+00,dyn_quant+2x_i8_gemm+silu+common_down,16,64,64,4,w8a8_int8_gemm_fp32_accum_fp16_output
olmoe,ours_ose_w8a8,1,2,2,2048,1024,64,8,64,2048,1,1024,2048,128,2,1,1,0.748703,0.748186,0.749338,0.001067,1.155446,0.857912,0.000000e+00,0.000000e+00,dyn_quant+2x_i8_main_gemm+ose_w8a8_two_proj+silu+common_down,16,64,64,4,w8a8_int8_gemm_fp32_accum_fp16_output
olmoe,component_gateup_duquant_transform,1,2,2,2048,1024,64,8,64,2048,1,1024,2048,128,2,1,1,0.202444,0.202210,0.202452,0.002907,4.273211,3.172833,0.000000e+00,0.000000e+00,gateup_duquant_transform_only,16,64,64,4,w8a8_int8_gemm_fp32_accum_fp16_output
olmoe,component_ose_w8a8_branch,1,2,2,2048,1024,64,8,64,2048,1,1024,2048,128,2,1,1,0.097929,0.097488,0.097966,0.000585,8.833808,6.559048,0.000000e+00,0.000000e+00,ose_w8a8_two_proj_only,16,64,64,4,w8a8_int8_gemm_fp32_accum_fp16_output
olmoe,duquant_once,1,4,4,2048,1024,64,8,64,2048,1,1024,2048,128,2,1,1,0.847066,0.846497,0.852018,0.023609,1.000000,0.752251,0.000000e+00,0.000000e+00,gateup_duquant_once+dyn_quant+2x_i8_gemm+silu+common_down,16,64,64,4,w8a8_int8_gemm_fp32_accum_fp16_output
olmoe,plain_no_ose,1,4,4,2048,1024,64,8,64,2048,1,1024,2048,128,2,1,1,0.637206,0.637150,0.637409,0.000278,1.329344,1.000000,0.000000e+00,0.000000e+00,dyn_quant+2x_i8_gemm+silu+common_down,16,64,64,4,w8a8_int8_gemm_fp32_accum_fp16_output
olmoe,ours_ose_w8a8,1,4,4,2048,1024,64,8,64,2048,1,1024,2048,128,2,1,1,0.736292,0.735728,0.740144,0.070721,1.150448,0.865426,0.000000e+00,0.000000e+00,dyn_quant+2x_i8_main_gemm+ose_w8a8_two_proj+silu+common_down,16,64,64,4,w8a8_int8_gemm_fp32_accum_fp16_output
olmoe,component_gateup_duquant_transform,1,4,4,2048,1024,64,8,64,2048,1,1024,2048,128,2,1,1,0.203984,0.203100,0.204238,0.027544,4.152610,3.123804,0.000000e+00,0.000000e+00,gateup_duquant_transform_only,16,64,64,4,w8a8_int8_gemm_fp32_accum_fp16_output
olmoe,component_ose_w8a8_branch,1,4,4,2048,1024,64,8,64,2048,1,1024,2048,128,2,1,1,0.098143,0.097449,0.115234,0.013697,8.630936,6.492628,0.000000e+00,0.000000e+00,ose_w8a8_two_proj_only,16,64,64,4,w8a8_int8_gemm_fp32_accum_fp16_output
olmoe,duquant_once,1,8,8,2048,1024,64,8,64,2048,1,1024,2048,128,2,1,1,0.855347,0.854987,0.856957,0.027344,1.000000,0.753775,0.000000e+00,0.000000e+00,gateup_duquant_once+dyn_quant+2x_i8_gemm+silu+common_down,16,64,64,4,w8a8_int8_gemm_fp32_accum_fp16_output
olmoe,plain_no_ose,1,8,8,2048,1024,64,8,64,2048,1,1024,2048,128,2,1,1,0.644739,0.644383,0.645541,0.001412,1.326656,1.000000,0.000000e+00,0.000000e+00,dyn_quant+2x_i8_gemm+silu+common_down,16,64,64,4,w8a8_int8_gemm_fp32_accum_fp16_output
olmoe,ours_ose_w8a8,1,8,8,2048,1024,64,8,64,2048,1,1024,2048,128,2,1,1,0.744024,0.742434,0.744941,0.042001,1.149623,0.866557,0.000000e+00,0.000000e+00,dyn_quant+2x_i8_main_gemm+ose_w8a8_two_proj+silu+common_down,16,64,64,4,w8a8_int8_gemm_fp32_accum_fp16_output
olmoe,component_gateup_duquant_transform,1,8,8,2048,1024,64,8,64,2048,1,1024,2048,128,2,1,1,0.202139,0.201846,0.202260,0.000439,4.231479,3.189582,0.000000e+00,0.000000e+00,gateup_duquant_transform_only,16,64,64,4,w8a8_int8_gemm_fp32_accum_fp16_output
olmoe,component_ose_w8a8_branch,1,8,8,2048,1024,64,8,64,2048,1,1024,2048,128,2,1,1,0.098361,0.098285,0.099277,0.002103,8.695997,6.554824,0.000000e+00,0.000000e+00,ose_w8a8_two_proj_only,16,64,64,4,w8a8_int8_gemm_fp32_accum_fp16_output
olmoe,duquant_once,1,16,16,2048,1024,64,8,64,2048,1,1024,2048,128,2,1,1,0.856100,0.854544,0.856184,0.028286,1.000000,0.749895,0.000000e+00,0.000000e+00,gateup_duquant_once+dyn_quant+2x_i8_gemm+silu+common_down,16,64,64,4,w8a8_int8_gemm_fp32_accum_fp16_output
olmoe,plain_no_ose,1,16,16,2048,1024,64,8,64,2048,1,1024,2048,128,2,1,1,0.641985,0.641898,0.642375,0.001367,1.333520,1.000000,0.000000e+00,0.000000e+00,dyn_quant+2x_i8_gemm+silu+common_down,16,64,64,4,w8a8_int8_gemm_fp32_accum_fp16_output
olmoe,ours_ose_w8a8,1,16,16,2048,1024,64,8,64,2048,1,1024,2048,128,2,1,1,0.742750,0.741383,0.744060,0.004918,1.152609,0.864335,0.000000e+00,0.000000e+00,dyn_quant+2x_i8_main_gemm+ose_w8a8_two_proj+silu+common_down,16,64,64,4,w8a8_int8_gemm_fp32_accum_fp16_output
olmoe,component_gateup_duquant_transform,1,16,16,2048,1024,64,8,64,2048,1,1024,2048,128,2,1,1,0.202258,0.201865,0.202468,0.000385,4.232713,3.174090,0.000000e+00,0.000000e+00,gateup_duquant_transform_only,16,64,64,4,w8a8_int8_gemm_fp32_accum_fp16_output
olmoe,component_ose_w8a8_branch,1,16,16,2048,1024,64,8,64,2048,1,1024,2048,128,2,1,1,0.097988,0.097463,0.098676,0.012787,8.736784,6.551670,0.000000e+00,0.000000e+00,ose_w8a8_two_proj_only,16,64,64,4,w8a8_int8_gemm_fp32_accum_fp16_output
olmoe,duquant_once,1,32,32,2048,1024,64,8,64,2048,1,1024,2048,128,2,1,1,0.848997,0.847149,0.851873,0.017315,1.000000,0.753580,0.000000e+00,0.000000e+00,gateup_duquant_once+dyn_quant+2x_i8_gemm+silu+common_down,16,64,64,4,w8a8_int8_gemm_fp32_accum_fp16_output
olmoe,plain_no_ose,1,32,32,2048,1024,64,8,64,2048,1,1024,2048,128,2,1,1,0.639787,0.639398,0.639973,0.000975,1.326999,1.000000,0.000000e+00,0.000000e+00,dyn_quant+2x_i8_gemm+silu+common_down,16,64,64,4,w8a8_int8_gemm_fp32_accum_fp16_output
olmoe,ours_ose_w8a8,1,32,32,2048,1024,64,8,64,2048,1,1024,2048,128,2,1,1,0.742258,0.742208,0.743503,0.000933,1.143803,0.861947,0.000000e+00,0.000000e+00,dyn_quant+2x_i8_main_gemm+ose_w8a8_two_proj+silu+common_down,16,64,64,4,w8a8_int8_gemm_fp32_accum_fp16_output
olmoe,component_gateup_duquant_transform,1,32,32,2048,1024,64,8,64,2048,1,1024,2048,128,2,1,1,0.201279,0.201225,0.201356,0.000204,4.218011,3.178608,0.000000e+00,0.000000e+00,gateup_duquant_transform_only,16,64,64,4,w8a8_int8_gemm_fp32_accum_fp16_output
olmoe,component_ose_w8a8_branch,1,32,32,2048,1024,64,8,64,2048,1,1024,2048,128,2,1,1,0.099888,0.099834,0.100040,0.000251,8.499489,6.405044,0.000000e+00,0.000000e+00,ose_w8a8_two_proj_only,16,64,64,4,w8a8_int8_gemm_fp32_accum_fp16_output
olmoe,duquant_once,8,1,8,2048,1024,64,8,64,2048,1,1024,2048,128,2,1,1,0.847973,0.847288,0.849453,0.004116,1.000000,0.756903,0.000000e+00,0.000000e+00,gateup_duquant_once+dyn_quant+2x_i8_gemm+silu+common_down,16,64,64,4,w8a8_int8_gemm_fp32_accum_fp16_output
olmoe,plain_no_ose,8,1,8,2048,1024,64,8,64,2048,1,1024,2048,128,2,1,1,0.641833,0.641025,0.643945,0.025141,1.321174,1.000000,0.000000e+00,0.000000e+00,dyn_quant+2x_i8_gemm+silu+common_down,16,64,64,4,w8a8_int8_gemm_fp32_accum_fp16_output
olmoe,ours_ose_w8a8,8,1,8,2048,1024,64,8,64,2048,1,1024,2048,128,2,1,1,0.746824,0.746075,0.748087,0.001815,1.135439,0.859417,0.000000e+00,0.000000e+00,dyn_quant+2x_i8_main_gemm+ose_w8a8_two_proj+silu+common_down,16,64,64,4,w8a8_int8_gemm_fp32_accum_fp16_output
olmoe,component_gateup_duquant_transform,8,1,8,2048,1024,64,8,64,2048,1,1024,2048,128,2,1,1,0.203187,0.203153,0.203308,0.000324,4.173362,3.158829,0.000000e+00,0.000000e+00,gateup_duquant_transform_only,16,64,64,4,w8a8_int8_gemm_fp32_accum_fp16_output
olmoe,component_ose_w8a8_branch,8,1,8,2048,1024,64,8,64,2048,1,1024,2048,128,2,1,1,0.097982,0.097840,0.098541,0.004913,8.654375,6.550519,0.000000e+00,0.000000e+00,ose_w8a8_two_proj_only,16,64,64,4,w8a8_int8_gemm_fp32_accum_fp16_output
olmoe,duquant_once,8,2,16,2048,1024,64,8,64,2048,1,1024,2048,128,2,1,1,0.847838,0.846871,0.848037,0.001673,1.000000,0.753788,0.000000e+00,0.000000e+00,gateup_duquant_once+dyn_quant+2x_i8_gemm+silu+common_down,16,64,64,4,w8a8_int8_gemm_fp32_accum_fp16_output
olmoe,plain_no_ose,8,2,16,2048,1024,64,8,64,2048,1,1024,2048,128,2,1,1,0.639090,0.637125,0.639352,0.001636,1.326633,1.000000,0.000000e+00,0.000000e+00,dyn_quant+2x_i8_gemm+silu+common_down,16,64,64,4,w8a8_int8_gemm_fp32_accum_fp16_output
olmoe,ours_ose_w8a8,8,2,16,2048,1024,64,8,64,2048,1,1024,2048,128,2,1,1,0.744958,0.743416,0.753776,0.008167,1.138102,0.857887,0.000000e+00,0.000000e+00,dyn_quant+2x_i8_main_gemm+ose_w8a8_two_proj+silu+common_down,16,64,64,4,w8a8_int8_gemm_fp32_accum_fp16_output
olmoe,component_gateup_duquant_transform,8,2,16,2048,1024,64,8,64,2048,1,1024,2048,128,2,1,1,0.201017,0.200576,0.201856,0.000956,4.217743,3.179283,0.000000e+00,0.000000e+00,gateup_duquant_transform_only,16,64,64,4,w8a8_int8_gemm_fp32_accum_fp16_output
olmoe,component_ose_w8a8_branch,8,2,16,2048,1024,64,8,64,2048,1,1024,2048,128,2,1,1,0.097091,0.096907,0.097117,0.003755,8.732406,6.582381,0.000000e+00,0.000000e+00,ose_w8a8_two_proj_only,16,64,64,4,w8a8_int8_gemm_fp32_accum_fp16_output
olmoe,duquant_once,8,4,32,2048,1024,64,8,64,2048,1,1024,2048,128,2,1,1,0.857377,0.855331,0.858289,0.001931,1.000000,0.745207,0.000000e+00,0.000000e+00,gateup_duquant_once+dyn_quant+2x_i8_gemm+silu+common_down,16,64,64,4,w8a8_int8_gemm_fp32_accum_fp16_output
olmoe,plain_no_ose,8,4,32,2048,1024,64,8,64,2048,1,1024,2048,128,2,1,1,0.638923,0.638892,0.638965,0.001264,1.341910,1.000000,0.000000e+00,0.000000e+00,dyn_quant+2x_i8_gemm+silu+common_down,16,64,64,4,w8a8_int8_gemm_fp32_accum_fp16_output
olmoe,ours_ose_w8a8,8,4,32,2048,1024,64,8,64,2048,1,1024,2048,128,2,1,1,0.742870,0.741208,0.743313,0.001211,1.154141,0.860074,0.000000e+00,0.000000e+00,dyn_quant+2x_i8_main_gemm+ose_w8a8_two_proj+silu+common_down,16,64,64,4,w8a8_int8_gemm_fp32_accum_fp16_output
olmoe,component_gateup_duquant_transform,8,4,32,2048,1024,64,8,64,2048,1,1024,2048,128,2,1,1,0.202491,0.201752,0.202590,0.000467,4.234149,3.155316,0.000000e+00,0.000000e+00,gateup_duquant_transform_only,16,64,64,4,w8a8_int8_gemm_fp32_accum_fp16_output
olmoe,component_ose_w8a8_branch,8,4,32,2048,1024,64,8,64,2048,1,1024,2048,128,2,1,1,0.097860,0.097522,0.097938,0.000321,8.761261,6.528950,0.000000e+00,0.000000e+00,ose_w8a8_two_proj_only,16,64,64,4,w8a8_int8_gemm_fp32_accum_fp16_output
olmoe,duquant_once,8,8,64,2048,1024,64,8,64,2048,1,1024,2048,128,2,1,1,0.850580,0.850293,0.851975,0.001701,1.000000,0.757030,0.000000e+00,0.000000e+00,gateup_duquant_once+dyn_quant+2x_i8_gemm+silu+common_down,16,64,64,4,w8a8_int8_gemm_fp32_accum_fp16_output
olmoe,plain_no_ose,8,8,64,2048,1024,64,8,64,2048,1,1024,2048,128,2,1,1,0.643915,0.643366,0.644204,0.003545,1.320951,1.000000,0.000000e+00,0.000000e+00,dyn_quant+2x_i8_gemm+silu+common_down,16,64,64,4,w8a8_int8_gemm_fp32_accum_fp16_output
olmoe,ours_ose_w8a8,8,8,64,2048,1024,64,8,64,2048,1,1024,2048,128,2,1,1,0.747109,0.746849,0.749036,0.001434,1.138495,0.861876,0.000000e+00,0.000000e+00,dyn_quant+2x_i8_main_gemm+ose_w8a8_two_proj+silu+common_down,16,64,64,4,w8a8_int8_gemm_fp32_accum_fp16_output
olmoe,component_gateup_duquant_transform,8,8,64,2048,1024,64,8,64,2048,1,1024,2048,128,2,1,1,0.202854,0.202448,0.202920,0.000433,4.193065,3.174278,0.000000e+00,0.000000e+00,gateup_duquant_transform_only,16,64,64,4,w8a8_int8_gemm_fp32_accum_fp16_output
olmoe,component_ose_w8a8_branch,8,8,64,2048,1024,64,8,64,2048,1,1024,2048,128,2,1,1,0.098938,0.098863,0.099385,0.002062,8.597101,6.508268,0.000000e+00,0.000000e+00,ose_w8a8_two_proj_only,16,64,64,4,w8a8_int8_gemm_fp32_accum_fp16_output
olmoe,duquant_once,8,16,128,2048,1024,64,8,64,2048,1,1024,2048,128,2,1,1,0.853298,0.852851,0.859326,0.004977,1.000000,0.757980,0.000000e+00,0.000000e+00,gateup_duquant_once+dyn_quant+2x_i8_gemm+silu+common_down,16,64,64,4,w8a8_int8_gemm_fp32_accum_fp16_output
olmoe,plain_no_ose,8,16,128,2048,1024,64,8,64,2048,1,1024,2048,128,2,1,1,0.646783,0.643560,0.650915,0.073675,1.319296,1.000000,0.000000e+00,0.000000e+00,dyn_quant+2x_i8_gemm+silu+common_down,16,64,64,4,w8a8_int8_gemm_fp32_accum_fp16_output
olmoe,ours_ose_w8a8,8,16,128,2048,1024,64,8,64,2048,1,1024,2048,128,2,1,1,0.746382,0.744851,0.748240,0.002163,1.143246,0.866558,0.000000e+00,0.000000e+00,dyn_quant+2x_i8_main_gemm+ose_w8a8_two_proj+silu+common_down,16,64,64,4,w8a8_int8_gemm_fp32_accum_fp16_output
olmoe,component_gateup_duquant_transform,8,16,128,2048,1024,64,8,64,2048,1,1024,2048,128,2,1,1,0.203918,0.203753,0.204863,0.000702,4.184515,3.171780,0.000000e+00,0.000000e+00,gateup_duquant_transform_only,16,64,64,4,w8a8_int8_gemm_fp32_accum_fp16_output
olmoe,component_ose_w8a8_branch,8,16,128,2048,1024,64,8,64,2048,1,1024,2048,128,2,1,1,0.098358,0.097809,0.098501,0.002571,8.675431,6.575805,0.000000e+00,0.000000e+00,ose_w8a8_two_proj_only,16,64,64,4,w8a8_int8_gemm_fp32_accum_fp16_output
olmoe,duquant_once,8,32,256,2048,1024,64,8,64,2048,1,1024,2048,128,2,1,1,0.855895,0.854779,0.856129,0.001835,1.000000,0.748822,0.000000e+00,0.000000e+00,gateup_duquant_once+dyn_quant+2x_i8_gemm+silu+common_down,16,64,64,4,w8a8_int8_gemm_fp32_accum_fp16_output
olmoe,plain_no_ose,8,32,256,2048,1024,64,8,64,2048,1,1024,2048,128,2,1,1,0.640913,0.640769,0.641023,0.000300,1.335431,1.000000,0.000000e+00,0.000000e+00,dyn_quant+2x_i8_gemm+silu+common_down,16,64,64,4,w8a8_int8_gemm_fp32_accum_fp16_output
olmoe,ours_ose_w8a8,8,32,256,2048,1024,64,8,64,2048,1,1024,2048,128,2,1,1,0.746913,0.745556,0.751357,0.007266,1.145910,0.858083,0.000000e+00,0.000000e+00,dyn_quant+2x_i8_main_gemm+ose_w8a8_two_proj+silu+common_down,16,64,64,4,w8a8_int8_gemm_fp32_accum_fp16_output
olmoe,component_gateup_duquant_transform,8,32,256,2048,1024,64,8,64,2048,1,1024,2048,128,2,1,1,0.203667,0.203628,0.203814,0.001002,4.202424,3.146867,0.000000e+00,0.000000e+00,gateup_duquant_transform_only,16,64,64,4,w8a8_int8_gemm_fp32_accum_fp16_output
olmoe,component_ose_w8a8_branch,8,32,256,2048,1024,64,8,64,2048,1,1024,2048,128,2,1,1,0.097796,0.097641,0.097887,0.000666,8.751841,6.553571,0.000000e+00,0.000000e+00,ose_w8a8_two_proj_only,16,64,64,4,w8a8_int8_gemm_fp32_accum_fp16_output
olmoe,duquant_once,16,1,16,2048,1024,64,8,64,2048,1,1024,2048,128,2,1,1,0.853273,0.852889,0.854260,0.001431,1.000000,0.759568,0.000000e+00,0.000000e+00,gateup_duquant_once+dyn_quant+2x_i8_gemm+silu+common_down,16,64,64,4,w8a8_int8_gemm_fp32_accum_fp16_output
olmoe,plain_no_ose,16,1,16,2048,1024,64,8,64,2048,1,1024,2048,128,2,1,1,0.648119,0.646511,0.648929,0.003249,1.316538,1.000000,0.000000e+00,0.000000e+00,dyn_quant+2x_i8_gemm+silu+common_down,16,64,64,4,w8a8_int8_gemm_fp32_accum_fp16_output
olmoe,ours_ose_w8a8,16,1,16,2048,1024,64,8,64,2048,1,1024,2048,128,2,1,1,0.749409,0.748135,0.751679,0.001871,1.138595,0.864840,0.000000e+00,0.000000e+00,dyn_quant+2x_i8_main_gemm+ose_w8a8_two_proj+silu+common_down,16,64,64,4,w8a8_int8_gemm_fp32_accum_fp16_output
olmoe,component_gateup_duquant_transform,16,1,16,2048,1024,64,8,64,2048,1,1024,2048,128,2,1,1,0.203682,0.203513,0.203755,0.001664,4.189241,3.182014,0.000000e+00,0.000000e+00,gateup_duquant_transform_only,16,64,64,4,w8a8_int8_gemm_fp32_accum_fp16_output
olmoe,component_ose_w8a8_branch,16,1,16,2048,1024,64,8,64,2048,1,1024,2048,128,2,1,1,0.097002,0.096891,0.097080,0.000158,8.796447,6.681501,0.000000e+00,0.000000e+00,ose_w8a8_two_proj_only,16,64,64,4,w8a8_int8_gemm_fp32_accum_fp16_output
olmoe,duquant_once,16,2,32,2048,1024,64,8,64,2048,1,1024,2048,128,2,1,1,0.852423,0.850129,0.858035,0.004684,1.000000,0.752726,0.000000e+00,0.000000e+00,gateup_duquant_once+dyn_quant+2x_i8_gemm+silu+common_down,16,64,64,4,w8a8_int8_gemm_fp32_accum_fp16_output
olmoe,plain_no_ose,16,2,32,2048,1024,64,8,64,2048,1,1024,2048,128,2,1,1,0.641641,0.641303,0.641697,0.001804,1.328505,1.000000,0.000000e+00,0.000000e+00,dyn_quant+2x_i8_gemm+silu+common_down,16,64,64,4,w8a8_int8_gemm_fp32_accum_fp16_output
olmoe,ours_ose_w8a8,16,2,32,2048,1024,64,8,64,2048,1,1024,2048,128,2,1,1,0.748988,0.748808,0.749186,0.007530,1.138100,0.856677,0.000000e+00,0.000000e+00,dyn_quant+2x_i8_main_gemm+ose_w8a8_two_proj+silu+common_down,16,64,64,4,w8a8_int8_gemm_fp32_accum_fp16_output
olmoe,component_gateup_duquant_transform,16,2,32,2048,1024,64,8,64,2048,1,1024,2048,128,2,1,1,0.203258,0.203008,0.203585,0.000495,4.193798,3.156781,0.000000e+00,0.000000e+00,gateup_duquant_transform_only,16,64,64,4,w8a8_int8_gemm_fp32_accum_fp16_output
olmoe,component_ose_w8a8_branch,16,2,32,2048,1024,64,8,64,2048,1,1024,2048,128,2,1,1,0.098068,0.097469,0.098078,0.000494,8.692163,6.542817,0.000000e+00,0.000000e+00,ose_w8a8_two_proj_only,16,64,64,4,w8a8_int8_gemm_fp32_accum_fp16_output
olmoe,duquant_once,16,4,64,2048,1024,64,8,64,2048,1,1024,2048,128,2,1,1,0.855335,0.853998,0.856180,0.002789,1.000000,0.749368,0.000000e+00,0.000000e+00,gateup_duquant_once+dyn_quant+2x_i8_gemm+silu+common_down,16,64,64,4,w8a8_int8_gemm_fp32_accum_fp16_output
olmoe,plain_no_ose,16,4,64,2048,1024,64,8,64,2048,1,1024,2048,128,2,1,1,0.640961,0.640411,0.642537,0.002225,1.334457,1.000000,0.000000e+00,0.000000e+00,dyn_quant+2x_i8_gemm+silu+common_down,16,64,64,4,w8a8_int8_gemm_fp32_accum_fp16_output
olmoe,ours_ose_w8a8,16,4,64,2048,1024,64,8,64,2048,1,1024,2048,128,2,1,1,0.747142,0.746739,0.747411,0.000772,1.144809,0.857884,0.000000e+00,0.000000e+00,dyn_quant+2x_i8_main_gemm+ose_w8a8_two_proj+silu+common_down,16,64,64,4,w8a8_int8_gemm_fp32_accum_fp16_output
olmoe,component_gateup_duquant_transform,16,4,64,2048,1024,64,8,64,2048,1,1024,2048,128,2,1,1,0.203844,0.203541,0.203930,0.000405,4.196027,3.144370,0.000000e+00,0.000000e+00,gateup_duquant_transform_only,16,64,64,4,w8a8_int8_gemm_fp32_accum_fp16_output
olmoe,component_ose_w8a8_branch,16,4,64,2048,1024,64,8,64,2048,1,1024,2048,128,2,1,1,0.098457,0.098292,0.099593,0.002870,8.687397,6.510060,0.000000e+00,0.000000e+00,ose_w8a8_two_proj_only,16,64,64,4,w8a8_int8_gemm_fp32_accum_fp16_output
olmoe,duquant_once,16,8,128,2048,1024,64,8,64,2048,1,1024,2048,128,2,1,1,0.869830,0.861486,0.871862,0.007669,1.000000,0.743982,0.000000e+00,0.000000e+00,gateup_duquant_once+dyn_quant+2x_i8_gemm+silu+common_down,16,64,64,4,w8a8_int8_gemm_fp32_accum_fp16_output
olmoe,plain_no_ose,16,8,128,2048,1024,64,8,64,2048,1,1024,2048,128,2,1,1,0.647138,0.647043,0.647866,0.001255,1.344118,1.000000,0.000000e+00,0.000000e+00,dyn_quant+2x_i8_gemm+silu+common_down,16,64,64,4,w8a8_int8_gemm_fp32_accum_fp16_output
olmoe,ours_ose_w8a8,16,8,128,2048,1024,64,8,64,2048,1,1024,2048,128,2,1,1,0.745222,0.744723,0.746243,0.002936,1.167209,0.868383,0.000000e+00,0.000000e+00,dyn_quant+2x_i8_main_gemm+ose_w8a8_two_proj+silu+common_down,16,64,64,4,w8a8_int8_gemm_fp32_accum_fp16_output
olmoe,component_gateup_duquant_transform,16,8,128,2048,1024,64,8,64,2048,1,1024,2048,128,2,1,1,0.205435,0.205074,0.207879,0.002299,4.234089,3.150086,0.000000e+00,0.000000e+00,gateup_duquant_transform_only,16,64,64,4,w8a8_int8_gemm_fp32_accum_fp16_output
olmoe,component_ose_w8a8_branch,16,8,128,2048,1024,64,8,64,2048,1,1024,2048,128,2,1,1,0.098192,0.097870,0.098280,0.015637,8.858461,6.590537,0.000000e+00,0.000000e+00,ose_w8a8_two_proj_only,16,64,64,4,w8a8_int8_gemm_fp32_accum_fp16_output
olmoe,duquant_once,16,16,256,2048,1024,64,8,64,2048,1,1024,2048,128,2,1,1,0.860377,0.858582,0.873068,0.008410,1.000000,0.751652,0.000000e+00,0.000000e+00,gateup_duquant_once+dyn_quant+2x_i8_gemm+silu+common_down,16,64,64,4,w8a8_int8_gemm_fp32_accum_fp16_output
olmoe,plain_no_ose,16,16,256,2048,1024,64,8,64,2048,1,1024,2048,128,2,1,1,0.646704,0.645722,0.652321,0.004701,1.330403,1.000000,0.000000e+00,0.000000e+00,dyn_quant+2x_i8_gemm+silu+common_down,16,64,64,4,w8a8_int8_gemm_fp32_accum_fp16_output
olmoe,ours_ose_w8a8,16,16,256,2048,1024,64,8,64,2048,1,1024,2048,128,2,1,1,0.749641,0.749044,0.750130,0.006920,1.147719,0.862685,0.000000e+00,0.000000e+00,dyn_quant+2x_i8_main_gemm+ose_w8a8_two_proj+silu+common_down,16,64,64,4,w8a8_int8_gemm_fp32_accum_fp16_output
olmoe,component_gateup_duquant_transform,16,16,256,2048,1024,64,8,64,2048,1,1024,2048,128,2,1,1,0.204453,0.204341,0.204627,0.000506,4.208190,3.163094,0.000000e+00,0.000000e+00,gateup_duquant_transform_only,16,64,64,4,w8a8_int8_gemm_fp32_accum_fp16_output
olmoe,component_ose_w8a8_branch,16,16,256,2048,1024,64,8,64,2048,1,1024,2048,128,2,1,1,0.098742,0.098664,0.099248,0.073320,8.713384,6.549432,0.000000e+00,0.000000e+00,ose_w8a8_two_proj_only,16,64,64,4,w8a8_int8_gemm_fp32_accum_fp16_output
olmoe,duquant_once,16,32,512,2048,1024,64,8,64,2048,1,1024,2048,128,2,1,1,0.853398,0.853045,0.853812,0.000915,1.000000,0.751263,0.000000e+00,0.000000e+00,gateup_duquant_once+dyn_quant+2x_i8_gemm+silu+common_down,16,64,64,4,w8a8_int8_gemm_fp32_accum_fp16_output
olmoe,plain_no_ose,16,32,512,2048,1024,64,8,64,2048,1,1024,2048,128,2,1,1,0.641126,0.639740,0.641136,0.001315,1.331092,1.000000,0.000000e+00,0.000000e+00,dyn_quant+2x_i8_gemm+silu+common_down,16,64,64,4,w8a8_int8_gemm_fp32_accum_fp16_output
olmoe,ours_ose_w8a8,16,32,512,2048,1024,64,8,64,2048,1,1024,2048,128,2,1,1,0.744289,0.744023,0.746202,0.009568,1.146595,0.861394,0.000000e+00,0.000000e+00,dyn_quant+2x_i8_main_gemm+ose_w8a8_two_proj+silu+common_down,16,64,64,4,w8a8_int8_gemm_fp32_accum_fp16_output
olmoe,component_gateup_duquant_transform,16,32,512,2048,1024,64,8,64,2048,1,1024,2048,128,2,1,1,0.204870,0.203518,0.209245,0.020461,4.165559,3.129428,0.000000e+00,0.000000e+00,gateup_duquant_transform_only,16,64,64,4,w8a8_int8_gemm_fp32_accum_fp16_output
olmoe,component_ose_w8a8_branch,16,32,512,2048,1024,64,8,64,2048,1,1024,2048,128,2,1,1,0.098402,0.098019,0.098722,0.002540,8.672568,6.515376,0.000000e+00,0.000000e+00,ose_w8a8_two_proj_only,16,64,64,4,w8a8_int8_gemm_fp32_accum_fp16_output
olmoe,duquant_once,64,1,64,2048,1024,64,8,64,2048,1,1024,2048,128,2,1,1,0.892947,0.892898,0.892992,0.000451,1.000000,0.943720,0.000000e+00,0.000000e+00,gateup_duquant_once+dyn_quant+2x_i8_gemm+silu+common_down,16,64,64,4,w8a8_int8_gemm_fp32_accum_fp16_output
olmoe,plain_no_ose,64,1,64,2048,1024,64,8,64,2048,1,1024,2048,128,2,1,1,0.842692,0.842536,0.842718,0.000757,1.059636,1.000000,0.000000e+00,0.000000e+00,dyn_quant+2x_i8_gemm+silu+common_down,16,64,64,4,w8a8_int8_gemm_fp32_accum_fp16_output
olmoe,ours_ose_w8a8,64,1,64,2048,1024,64,8,64,2048,1,1024,2048,128,2,1,1,0.867538,0.867533,0.867549,0.000061,1.029289,0.971360,0.000000e+00,0.000000e+00,dyn_quant+2x_i8_main_gemm+ose_w8a8_two_proj+silu+common_down,16,64,64,4,w8a8_int8_gemm_fp32_accum_fp16_output
olmoe,component_gateup_duquant_transform,64,1,64,2048,1024,64,8,64,2048,1,1024,2048,128,2,1,1,0.202652,0.202225,0.203084,0.000497,4.406307,4.158321,0.000000e+00,0.000000e+00,gateup_duquant_transform_only,16,64,64,4,w8a8_int8_gemm_fp32_accum_fp16_output
olmoe,component_ose_w8a8_branch,64,1,64,2048,1024,64,8,64,2048,1,1024,2048,128,2,1,1,0.097528,0.097364,0.097714,0.000212,9.155801,8.640513,0.000000e+00,0.000000e+00,ose_w8a8_two_proj_only,16,64,64,4,w8a8_int8_gemm_fp32_accum_fp16_output
olmoe,duquant_once,64,2,128,2048,1024,64,8,64,2048,1,1024,2048,128,2,1,1,0.900423,0.900369,0.900471,0.002038,1.000000,0.942430,0.000000e+00,0.000000e+00,gateup_duquant_once+dyn_quant+2x_i8_gemm+silu+common_down,16,64,64,4,w8a8_int8_gemm_fp32_accum_fp16_output
olmoe,plain_no_ose,64,2,128,2048,1024,64,8,64,2048,1,1024,2048,128,2,1,1,0.848586,0.848462,0.848655,0.000570,1.061086,1.000000,0.000000e+00,0.000000e+00,dyn_quant+2x_i8_gemm+silu+common_down,16,64,64,4,w8a8_int8_gemm_fp32_accum_fp16_output
olmoe,ours_ose_w8a8,64,2,128,2048,1024,64,8,64,2048,1,1024,2048,128,2,1,1,0.874264,0.874037,0.875533,0.000855,1.029921,0.970629,0.000000e+00,0.000000e+00,dyn_quant+2x_i8_main_gemm+ose_w8a8_two_proj+silu+common_down,16,64,64,4,w8a8_int8_gemm_fp32_accum_fp16_output
olmoe,component_gateup_duquant_transform,64,2,128,2048,1024,64,8,64,2048,1,1024,2048,128,2,1,1,0.206064,0.205484,0.207905,0.001623,4.369628,4.118070,0.000000e+00,0.000000e+00,gateup_duquant_transform_only,16,64,64,4,w8a8_int8_gemm_fp32_accum_fp16_output
olmoe,component_ose_w8a8_branch,64,2,128,2048,1024,64,8,64,2048,1,1024,2048,128,2,1,1,0.097650,0.097641,0.097767,0.000178,9.220922,8.690077,0.000000e+00,0.000000e+00,ose_w8a8_two_proj_only,16,64,64,4,w8a8_int8_gemm_fp32_accum_fp16_output
olmoe,duquant_once,64,4,256,2048,1024,64,8,64,2048,1,1024,2048,128,2,1,1,0.915990,0.915936,0.916006,0.000082,1.000000,0.938756,0.000000e+00,0.000000e+00,gateup_duquant_once+dyn_quant+2x_i8_gemm+silu+common_down,16,64,64,4,w8a8_int8_gemm_fp32_accum_fp16_output
olmoe,plain_no_ose,64,4,256,2048,1024,64,8,64,2048,1,1024,2048,128,2,1,1,0.859891,0.859885,0.859953,0.000107,1.065240,1.000000,0.000000e+00,0.000000e+00,dyn_quant+2x_i8_gemm+silu+common_down,16,64,64,4,w8a8_int8_gemm_fp32_accum_fp16_output
olmoe,ours_ose_w8a8,64,4,256,2048,1024,64,8,64,2048,1,1024,2048,128,2,1,1,0.886562,0.886506,0.886570,0.000223,1.033193,0.969916,0.000000e+00,0.000000e+00,dyn_quant+2x_i8_main_gemm+ose_w8a8_two_proj+silu+common_down,16,64,64,4,w8a8_int8_gemm_fp32_accum_fp16_output
olmoe,component_gateup_duquant_transform,64,4,256,2048,1024,64,8,64,2048,1,1024,2048,128,2,1,1,0.202407,0.202403,0.203202,0.001297,4.525486,4.248326,0.000000e+00,0.000000e+00,gateup_duquant_transform_only,16,64,64,4,w8a8_int8_gemm_fp32_accum_fp16_output
olmoe,component_ose_w8a8_branch,64,4,256,2048,1024,64,8,64,2048,1,1024,2048,128,2,1,1,0.097548,0.097407,0.097992,0.001448,9.390146,8.815055,0.000000e+00,0.000000e+00,ose_w8a8_two_proj_only,16,64,64,4,w8a8_int8_gemm_fp32_accum_fp16_output
olmoe,duquant_once,64,8,512,2048,1024,64,8,64,2048,1,1024,2048,128,2,1,1,0.940038,0.939993,0.940118,0.000116,1.000000,0.935683,0.000000e+00,0.000000e+00,gateup_duquant_once+dyn_quant+2x_i8_gemm+silu+common_down,16,64,64,4,w8a8_int8_gemm_fp32_accum_fp16_output
olmoe,plain_no_ose,64,8,512,2048,1024,64,8,64,2048,1,1024,2048,128,2,1,1,0.879578,0.879574,0.879645,0.000134,1.068738,1.000000,0.000000e+00,0.000000e+00,dyn_quant+2x_i8_gemm+silu+common_down,16,64,64,4,w8a8_int8_gemm_fp32_accum_fp16_output
olmoe,ours_ose_w8a8,64,8,512,2048,1024,64,8,64,2048,1,1024,2048,128,2,1,1,0.909643,0.909469,0.909660,0.000690,1.033414,0.966949,0.000000e+00,0.000000e+00,dyn_quant+2x_i8_main_gemm+ose_w8a8_two_proj+silu+common_down,16,64,64,4,w8a8_int8_gemm_fp32_accum_fp16_output
olmoe,component_gateup_duquant_transform,64,8,512,2048,1024,64,8,64,2048,1,1024,2048,128,2,1,1,0.202200,0.201936,0.202221,0.000527,4.649050,4.350040,0.000000e+00,0.000000e+00,gateup_duquant_transform_only,16,64,64,4,w8a8_int8_gemm_fp32_accum_fp16_output
olmoe,component_ose_w8a8_branch,64,8,512,2048,1024,64,8,64,2048,1,1024,2048,128,2,1,1,0.097197,0.097109,0.097350,0.000509,9.671471,9.049436,0.000000e+00,0.000000e+00,ose_w8a8_two_proj_only,16,64,64,4,w8a8_int8_gemm_fp32_accum_fp16_output
olmoe,duquant_once,64,16,1024,2048,1024,64,8,64,2048,1,1024,2048,128,2,1,1,0.988973,0.988908,0.989076,0.000106,1.000000,0.923109,0.000000e+00,0.000000e+00,gateup_duquant_once+dyn_quant+2x_i8_gemm+silu+common_down,16,64,64,4,w8a8_int8_gemm_fp32_accum_fp16_output
olmoe,plain_no_ose,64,16,1024,2048,1024,64,8,64,2048,1,1024,2048,128,2,1,1,0.912930,0.912922,0.912942,0.000098,1.083296,1.000000,0.000000e+00,0.000000e+00,dyn_quant+2x_i8_gemm+silu+common_down,16,64,64,4,w8a8_int8_gemm_fp32_accum_fp16_output
olmoe,ours_ose_w8a8,64,16,1024,2048,1024,64,8,64,2048,1,1024,2048,128,2,1,1,0.959602,0.959597,0.959635,0.000122,1.030607,0.951363,0.000000e+00,0.000000e+00,dyn_quant+2x_i8_main_gemm+ose_w8a8_two_proj+silu+common_down,16,64,64,4,w8a8_int8_gemm_fp32_accum_fp16_output
olmoe,component_gateup_duquant_transform,64,16,1024,2048,1024,64,8,64,2048,1,1024,2048,128,2,1,1,0.201894,0.201733,0.202960,0.000658,4.898476,4.521828,0.000000e+00,0.000000e+00,gateup_duquant_transform_only,16,64,64,4,w8a8_int8_gemm_fp32_accum_fp16_output
olmoe,component_ose_w8a8_branch,64,16,1024,2048,1024,64,8,64,2048,1,1024,2048,128,2,1,1,0.098063,0.097828,0.129631,0.207631,10.085078,9.309627,0.000000e+00,0.000000e+00,ose_w8a8_two_proj_only,16,64,64,4,w8a8_int8_gemm_fp32_accum_fp16_output
olmoe,duquant_once,64,32,2048,2048,1024,64,8,64,2048,1,1024,2048,128,2,1,1,1.131489,1.131301,1.132190,0.000616,1.000000,0.870929,0.000000e+00,0.000000e+00,gateup_duquant_once+dyn_quant+2x_i8_gemm+silu+common_down,16,64,64,4,w8a8_int8_gemm_fp32_accum_fp16_output
olmoe,plain_no_ose,64,32,2048,2048,1024,64,8,64,2048,1,1024,2048,128,2,1,1,0.985447,0.984883,0.986383,0.000977,1.148199,1.000000,0.000000e+00,0.000000e+00,dyn_quant+2x_i8_gemm+silu+common_down,16,64,64,4,w8a8_int8_gemm_fp32_accum_fp16_output
olmoe,ours_ose_w8a8,64,32,2048,2048,1024,64,8,64,2048,1,1024,2048,128,2,1,1,1.070304,1.069397,1.070390,0.000641,1.057166,0.920717,0.000000e+00,0.000000e+00,dyn_quant+2x_i8_main_gemm+ose_w8a8_two_proj+silu+common_down,16,64,64,4,w8a8_int8_gemm_fp32_accum_fp16_output
olmoe,component_gateup_duquant_transform,64,32,2048,2048,1024,64,8,64,2048,1,1024,2048,128,2,1,1,0.202545,0.202311,0.202710,0.003296,5.586359,4.865324,0.000000e+00,0.000000e+00,gateup_duquant_transform_only,16,64,64,4,w8a8_int8_gemm_fp32_accum_fp16_output
olmoe,component_ose_w8a8_branch,64,32,2048,2048,1024,64,8,64,2048,1,1024,2048,128,2,1,1,0.098519,0.098472,0.098538,0.014470,11.484983,10.002609,0.000000e+00,0.000000e+00,ose_w8a8_two_proj_only,16,64,64,4,w8a8_int8_gemm_fp32_accum_fp16_output
