layer,proj,channel,selected_count,is_scale_topk,is_frequency_topk
0,up_proj,0,0,0,0
0,up_proj,1,0,0,0
0,up_proj,2,0,0,0
0,up_proj,3,0,0,0
0,up_proj,4,0,0,0
0,up_proj,5,0,0,0
0,up_proj,6,0,0,0
0,up_proj,7,0,0,0
0,up_proj,8,64,1,1
0,up_proj,9,0,0,0
0,up_proj,10,0,0,0
0,up_proj,11,0,0,0
0,up_proj,12,17,0,0
0,up_proj,13,21,0,0
0,up_proj,14,0,0,0
0,up_proj,15,0,0,0
0,up_proj,16,0,0,0
0,up_proj,17,0,0,0
0,up_proj,18,0,0,0
0,up_proj,19,0,0,0
0,up_proj,20,0,0,0
0,up_proj,21,0,0,0
0,up_proj,22,0,0,0
0,up_proj,23,0,0,0
0,up_proj,24,0,0,0
0,up_proj,25,0,0,0
0,up_proj,26,0,0,0
0,up_proj,27,48,1,1
0,up_proj,28,55,1,1
0,up_proj,29,0,0,0
0,up_proj,30,0,0,0
0,up_proj,31,0,0,0
0,up_proj,32,0,0,0
0,up_proj,33,0,0,0
0,up_proj,34,0,0,0
0,up_proj,35,0,0,0
0,up_proj,36,0,0,0
0,up_proj,37,0,0,0
0,up_proj,38,0,0,0
0,up_proj,39,0,0,0
0,up_proj,40,0,0,0
0,up_proj,41,0,0,0
0,up_proj,42,0,0,0
0,up_proj,43,0,0,0
0,up_proj,44,0,0,0
0,up_proj,45,0,0,0
0,up_proj,46,0,0,0
0,up_proj,47,0,0,0
0,up_proj,48,0,0,0
0,up_proj,49,0,0,0
0,up_proj,50,0,0,0
0,up_proj,51,2,0,0
0,up_proj,52,0,0,0
0,up_proj,53,0,0,0
0,up_proj,54,0,0,0
0,up_proj,55,0,0,0
0,up_proj,56,25,0,0
0,up_proj,57,0,0,0
0,up_proj,58,0,0,0
0,up_proj,59,0,0,0
0,up_proj,60,0,0,0
0,up_proj,61,0,0,0
0,up_proj,62,29,1,1
0,up_proj,63,13,0,0
0,up_proj,64,0,0,0
0,up_proj,65,0,0,0
0,up_proj,66,0,0,0
0,up_proj,67,0,0,0
0,up_proj,68,0,0,0
0,up_proj,69,0,0,0
0,up_proj,70,0,0,0
0,up_proj,71,0,0,0
0,up_proj,72,0,0,0
0,up_proj,73,0,0,0
0,up_proj,74,4,0,0
0,up_proj,75,0,0,0
0,up_proj,76,0,0,0
0,up_proj,77,0,0,0
0,up_proj,78,0,0,0
0,up_proj,79,0,0,0
0,up_proj,80,0,0,0
0,up_proj,81,0,0,0
0,up_proj,82,0,0,0
0,up_proj,83,0,0,0
0,up_proj,84,0,0,0
0,up_proj,85,0,0,0
0,up_proj,86,0,0,0
0,up_proj,87,0,0,0
0,up_proj,88,0,0,0
0,up_proj,89,0,0,0
0,up_proj,90,0,0,0
0,up_proj,91,0,0,0
0,up_proj,92,0,0,0
0,up_proj,93,0,0,0
0,up_proj,94,0,0,0
0,up_proj,95,0,0,0
0,up_proj,96,0,0,0
0,up_proj,97,0,0,0
0,up_proj,98,0,0,0
0,up_proj,99,0,0,0
0,up_proj,100,0,0,0
0,up_proj,101,0,0,0
0,up_proj,102,0,0,0
0,up_proj,103,0,0,0
0,up_proj,104,0,0,0
0,up_proj,105,0,0,0
0,up_proj,106,8,0,0
0,up_proj,107,0,0,0
0,up_proj,108,0,0,0
0,up_proj,109,0,0,0
0,up_proj,110,0,0,0
0,up_proj,111,0,0,0
0,up_proj,112,0,0,0
0,up_proj,113,0,0,0
0,up_proj,114,0,0,0
0,up_proj,115,0,0,0
0,up_proj,116,0,0,0
0,up_proj,117,0,0,0
0,up_proj,118,0,0,0
0,up_proj,119,0,0,0
0,up_proj,120,0,0,0
0,up_proj,121,64,1,1
0,up_proj,122,0,0,0
0,up_proj,123,0,0,0
0,up_proj,124,0,0,0
0,up_proj,125,32,1,1
0,up_proj,126,0,0,0
0,up_proj,127,0,0,0
0,up_proj,128,0,0,0
0,up_proj,129,0,0,0
0,up_proj,130,0,0,0
0,up_proj,131,0,0,0
0,up_proj,132,0,0,0
0,up_proj,133,0,0,0
0,up_proj,134,14,0,0
0,up_proj,135,0,0,0
0,up_proj,136,0,0,0
0,up_proj,137,0,0,0
0,up_proj,138,0,0,0
0,up_proj,139,0,0,0
0,up_proj,140,0,0,0
0,up_proj,141,3,0,0
0,up_proj,142,0,0,0
0,up_proj,143,0,0,0
0,up_proj,144,0,0,0
0,up_proj,145,0,0,0
0,up_proj,146,0,0,0
0,up_proj,147,0,0,0
0,up_proj,148,0,0,0
0,up_proj,149,0,0,0
0,up_proj,150,0,0,0
0,up_proj,151,0,0,0
0,up_proj,152,0,0,0
0,up_proj,153,0,0,0
0,up_proj,154,0,0,0
0,up_proj,155,0,0,0
0,up_proj,156,0,0,0
0,up_proj,157,0,0,0
0,up_proj,158,0,0,0
0,up_proj,159,0,0,0
0,up_proj,160,11,0,0
0,up_proj,161,0,0,0
0,up_proj,162,0,0,0
0,up_proj,163,0,0,0
0,up_proj,164,0,0,0
0,up_proj,165,0,0,0
0,up_proj,166,0,0,0
0,up_proj,167,0,0,0
0,up_proj,168,0,0,0
0,up_proj,169,0,0,0
0,up_proj,170,0,0,0
0,up_proj,171,0,0,0
0,up_proj,172,0,0,0
0,up_proj,173,0,0,0
0,up_proj,174,0,0,0
0,up_proj,175,0,0,0
0,up_proj,176,32,0,1
0,up_proj,177,0,0,0
0,up_proj,178,30,1,1
0,up_proj,179,0,0,0
0,up_proj,180,0,0,0
0,up_proj,181,0,0,0
0,up_proj,182,0,0,0
0,up_proj,183,0,0,0
0,up_proj,184,0,0,0
0,up_proj,185,0,0,0
0,up_proj,186,0,0,0
0,up_proj,187,0,0,0
0,up_proj,188,0,0,0
0,up_proj,189,0,0,0
0,up_proj,190,0,0,0
0,up_proj,191,43,1,1
0,up_proj,192,0,0,0
0,up_proj,193,0,0,0
0,up_proj,194,10,0,0
0,up_proj,195,0,0,0
0,up_proj,196,0,0,0
0,up_proj,197,0,0,0
0,up_proj,198,1,0,0
0,up_proj,199,0,0,0
0,up_proj,200,0,0,0
0,up_proj,201,0,0,0
0,up_proj,202,0,0,0
0,up_proj,203,0,0,0
0,up_proj,204,0,0,0
0,up_proj,205,0,0,0
0,up_proj,206,0,0,0
0,up_proj,207,0,0,0
0,up_proj,208,0,0,0
0,up_proj,209,0,0,0
0,up_proj,210,6,0,0
0,up_proj,211,0,0,0
0,up_proj,212,0,0,0
0,up_proj,213,0,0,0
0,up_proj,214,0,0,0
0,up_proj,215,43,1,1
0,up_proj,216,0,0,0
0,up_proj,217,0,0,0
0,up_proj,218,0,0,0
0,up_proj,219,0,0,0
0,up_proj,220,0,0,0
0,up_proj,221,0,0,0
0,up_proj,222,0,0,0
0,up_proj,223,0,0,0
0,up_proj,224,64,1,1
0,up_proj,225,0,0,0
0,up_proj,226,0,0,0
0,up_proj,227,0,0,0
0,up_proj,228,0,0,0
0,up_proj,229,0,0,0
0,up_proj,230,0,0,0
0,up_proj,231,0,0,0
0,up_proj,232,0,0,0
0,up_proj,233,0,0,0
0,up_proj,234,0,0,0
0,up_proj,235,0,0,0
0,up_proj,236,0,0,0
0,up_proj,237,15,0,0
0,up_proj,238,0,0,0
0,up_proj,239,0,0,0
0,up_proj,240,3,0,0
0,up_proj,241,0,0,0
0,up_proj,242,0,0,0
0,up_proj,243,0,0,0
0,up_proj,244,0,0,0
0,up_proj,245,0,0,0
0,up_proj,246,0,0,0
0,up_proj,247,2,0,0
0,up_proj,248,0,0,0
0,up_proj,249,0,0,0
0,up_proj,250,23,0,0
0,up_proj,251,0,0,0
0,up_proj,252,0,0,0
0,up_proj,253,0,0,0
0,up_proj,254,0,0,0
0,up_proj,255,0,0,0
0,up_proj,256,0,0,0
0,up_proj,257,0,0,0
0,up_proj,258,0,0,0
0,up_proj,259,0,0,0
0,up_proj,260,0,0,0
0,up_proj,261,0,0,0
0,up_proj,262,0,0,0
0,up_proj,263,0,0,0
0,up_proj,264,0,0,0
0,up_proj,265,0,0,0
0,up_proj,266,0,0,0
0,up_proj,267,0,0,0
0,up_proj,268,0,0,0
0,up_proj,269,0,0,0
0,up_proj,270,0,0,0
0,up_proj,271,0,0,0
0,up_proj,272,0,0,0
0,up_proj,273,0,0,0
0,up_proj,274,0,0,0
0,up_proj,275,0,0,0
0,up_proj,276,0,0,0
0,up_proj,277,0,0,0
0,up_proj,278,7,0,0
0,up_proj,279,0,0,0
0,up_proj,280,9,0,0
0,up_proj,281,0,0,0
0,up_proj,282,0,0,0
0,up_proj,283,0,0,0
0,up_proj,284,0,0,0
0,up_proj,285,0,0,0
0,up_proj,286,0,0,0
0,up_proj,287,0,0,0
0,up_proj,288,0,0,0
0,up_proj,289,0,0,0
0,up_proj,290,0,0,0
0,up_proj,291,0,0,0
0,up_proj,292,62,1,1
0,up_proj,293,0,0,0
0,up_proj,294,0,0,0
0,up_proj,295,30,1,1
0,up_proj,296,0,0,0
0,up_proj,297,0,0,0
0,up_proj,298,0,0,0
0,up_proj,299,0,0,0
0,up_proj,300,0,0,0
0,up_proj,301,0,0,0
0,up_proj,302,0,0,0
0,up_proj,303,0,0,0
0,up_proj,304,0,0,0
0,up_proj,305,0,0,0
0,up_proj,306,0,0,0
0,up_proj,307,0,0,0
0,up_proj,308,0,0,0
0,up_proj,309,0,0,0
0,up_proj,310,0,0,0
0,up_proj,311,0,0,0
0,up_proj,312,0,0,0
0,up_proj,313,0,0,0
0,up_proj,314,0,0,0
0,up_proj,315,0,0,0
0,up_proj,316,0,0,0
0,up_proj,317,0,0,0
0,up_proj,318,47,1,1
0,up_proj,319,0,0,0
0,up_proj,320,0,0,0
0,up_proj,321,0,0,0
0,up_proj,322,0,0,0
0,up_proj,323,0,0,0
0,up_proj,324,0,0,0
0,up_proj,325,0,0,0
0,up_proj,326,0,0,0
0,up_proj,327,0,0,0
0,up_proj,328,0,0,0
0,up_proj,329,0,0,0
0,up_proj,330,0,0,0
0,up_proj,331,0,0,0
0,up_proj,332,0,0,0
0,up_proj,333,0,0,0
0,up_proj,334,0,0,0
0,up_proj,335,0,0,0
0,up_proj,336,53,1,1
0,up_proj,337,0,0,0
0,up_proj,338,0,0,0
0,up_proj,339,0,0,0
0,up_proj,340,0,0,0
0,up_proj,341,0,0,0
0,up_proj,342,0,0,0
0,up_proj,343,0,0,0
0,up_proj,344,0,0,0
0,up_proj,345,0,0,0
0,up_proj,346,0,0,0
0,up_proj,347,8,0,0
0,up_proj,348,38,0,1
0,up_proj,349,0,0,0
0,up_proj,350,0,0,0
0,up_proj,351,0,0,0
0,up_proj,352,0,0,0
0,up_proj,353,0,0,0
0,up_proj,354,0,0,0
0,up_proj,355,0,0,0
0,up_proj,356,0,0,0
0,up_proj,357,0,0,0
0,up_proj,358,0,0,0
0,up_proj,359,0,0,0
0,up_proj,360,0,0,0
0,up_proj,361,0,0,0
0,up_proj,362,0,0,0
0,up_proj,363,0,0,0
0,up_proj,364,0,0,0
0,up_proj,365,0,0,0
0,up_proj,366,0,0,0
0,up_proj,367,0,0,0
0,up_proj,368,0,0,0
0,up_proj,369,0,0,0
0,up_proj,370,0,0,0
0,up_proj,371,0,0,0
0,up_proj,372,0,0,0
0,up_proj,373,0,0,0
0,up_proj,374,0,0,0
0,up_proj,375,0,0,0
0,up_proj,376,0,0,0
0,up_proj,377,4,0,0
0,up_proj,378,0,0,0
0,up_proj,379,0,0,0
0,up_proj,380,0,0,0
0,up_proj,381,0,0,0
0,up_proj,382,16,1,0
0,up_proj,383,0,0,0
0,up_proj,384,0,0,0
0,up_proj,385,0,0,0
0,up_proj,386,19,1,0
0,up_proj,387,0,0,0
0,up_proj,388,0,0,0
0,up_proj,389,0,0,0
0,up_proj,390,0,0,0
0,up_proj,391,0,0,0
0,up_proj,392,0,0,0
0,up_proj,393,0,0,0
0,up_proj,394,0,0,0
0,up_proj,395,1,0,0
0,up_proj,396,0,0,0
0,up_proj,397,0,0,0
0,up_proj,398,0,0,0
0,up_proj,399,0,0,0
0,up_proj,400,0,0,0
0,up_proj,401,0,0,0
0,up_proj,402,0,0,0
0,up_proj,403,0,0,0
0,up_proj,404,0,0,0
0,up_proj,405,0,0,0
0,up_proj,406,0,0,0
0,up_proj,407,0,0,0
0,up_proj,408,0,0,0
0,up_proj,409,0,0,0
0,up_proj,410,0,0,0
0,up_proj,411,0,0,0
0,up_proj,412,0,0,0
0,up_proj,413,26,0,0
0,up_proj,414,0,0,0
0,up_proj,415,0,0,0
0,up_proj,416,0,0,0
0,up_proj,417,0,0,0
0,up_proj,418,0,0,0
0,up_proj,419,0,0,0
0,up_proj,420,0,0,0
0,up_proj,421,0,0,0
0,up_proj,422,0,0,0
0,up_proj,423,0,0,0
0,up_proj,424,0,0,0
0,up_proj,425,0,0,0
0,up_proj,426,0,0,0
0,up_proj,427,24,1,0
0,up_proj,428,0,0,0
0,up_proj,429,0,0,0
0,up_proj,430,0,0,0
0,up_proj,431,0,0,0
0,up_proj,432,0,0,0
0,up_proj,433,0,0,0
0,up_proj,434,0,0,0
0,up_proj,435,0,0,0
0,up_proj,436,0,0,0
0,up_proj,437,0,0,0
0,up_proj,438,0,0,0
0,up_proj,439,0,0,0
0,up_proj,440,0,0,0
0,up_proj,441,0,0,0
0,up_proj,442,0,0,0
0,up_proj,443,0,0,0
0,up_proj,444,0,0,0
0,up_proj,445,0,0,0
0,up_proj,446,0,0,0
0,up_proj,447,0,0,0
0,up_proj,448,0,0,0
0,up_proj,449,0,0,0
0,up_proj,450,0,0,0
0,up_proj,451,0,0,0
0,up_proj,452,0,0,0
0,up_proj,453,0,0,0
0,up_proj,454,0,0,0
0,up_proj,455,0,0,0
0,up_proj,456,0,0,0
0,up_proj,457,0,0,0
0,up_proj,458,0,0,0
0,up_proj,459,0,0,0
0,up_proj,460,0,0,0
0,up_proj,461,0,0,0
0,up_proj,462,0,0,0
0,up_proj,463,0,0,0
0,up_proj,464,0,0,0
0,up_proj,465,0,0,0
0,up_proj,466,0,0,0
0,up_proj,467,0,0,0
0,up_proj,468,0,0,0
0,up_proj,469,9,0,0
0,up_proj,470,40,1,1
0,up_proj,471,0,0,0
0,up_proj,472,0,0,0
0,up_proj,473,0,0,0
0,up_proj,474,0,0,0
0,up_proj,475,38,1,1
0,up_proj,476,0,0,0
0,up_proj,477,0,0,0
0,up_proj,478,0,0,0
0,up_proj,479,0,0,0
0,up_proj,480,0,0,0
0,up_proj,481,0,0,0
0,up_proj,482,0,0,0
0,up_proj,483,0,0,0
0,up_proj,484,0,0,0
0,up_proj,485,0,0,0
0,up_proj,486,0,0,0
0,up_proj,487,0,0,0
0,up_proj,488,0,0,0
0,up_proj,489,0,0,0
0,up_proj,490,0,0,0
0,up_proj,491,0,0,0
0,up_proj,492,0,0,0
0,up_proj,493,0,0,0
0,up_proj,494,0,0,0
0,up_proj,495,0,0,0
0,up_proj,496,0,0,0
0,up_proj,497,0,0,0
0,up_proj,498,0,0,0
0,up_proj,499,0,0,0
0,up_proj,500,0,0,0
0,up_proj,501,0,0,0
0,up_proj,502,0,0,0
0,up_proj,503,0,0,0
0,up_proj,504,0,0,0
0,up_proj,505,42,0,1
0,up_proj,506,0,0,0
0,up_proj,507,0,0,0
0,up_proj,508,0,0,0
0,up_proj,509,0,0,0
0,up_proj,510,0,0,0
0,up_proj,511,2,0,0
0,up_proj,512,0,0,0
0,up_proj,513,64,0,1
0,up_proj,514,0,0,0
0,up_proj,515,0,0,0
0,up_proj,516,28,0,0
0,up_proj,517,0,0,0
0,up_proj,518,0,0,0
0,up_proj,519,0,0,0
0,up_proj,520,29,0,1
0,up_proj,521,0,0,0
0,up_proj,522,0,0,0
0,up_proj,523,1,0,0
0,up_proj,524,0,0,0
0,up_proj,525,0,0,0
0,up_proj,526,0,0,0
0,up_proj,527,0,0,0
0,up_proj,528,0,0,0
0,up_proj,529,0,0,0
0,up_proj,530,0,0,0
0,up_proj,531,0,0,0
0,up_proj,532,9,1,0
0,up_proj,533,0,0,0
0,up_proj,534,0,0,0
0,up_proj,535,58,1,1
0,up_proj,536,0,0,0
0,up_proj,537,0,0,0
0,up_proj,538,0,0,0
0,up_proj,539,0,0,0
0,up_proj,540,0,0,0
0,up_proj,541,9,0,0
0,up_proj,542,0,0,0
0,up_proj,543,0,0,0
0,up_proj,544,0,0,0
0,up_proj,545,0,0,0
0,up_proj,546,0,0,0
0,up_proj,547,0,0,0
0,up_proj,548,0,0,0
0,up_proj,549,0,0,0
0,up_proj,550,0,0,0
0,up_proj,551,0,0,0
0,up_proj,552,0,0,0
0,up_proj,553,0,0,0
0,up_proj,554,0,0,0
0,up_proj,555,0,0,0
0,up_proj,556,0,0,0
0,up_proj,557,0,0,0
0,up_proj,558,48,1,1
0,up_proj,559,0,0,0
0,up_proj,560,0,0,0
0,up_proj,561,0,0,0
0,up_proj,562,0,0,0
0,up_proj,563,63,1,1
0,up_proj,564,0,0,0
0,up_proj,565,0,0,0
0,up_proj,566,0,0,0
0,up_proj,567,0,0,0
0,up_proj,568,0,0,0
0,up_proj,569,0,0,0
0,up_proj,570,0,0,0
0,up_proj,571,0,0,0
0,up_proj,572,0,0,0
0,up_proj,573,0,0,0
0,up_proj,574,0,0,0
0,up_proj,575,0,0,0
0,up_proj,576,0,0,0
0,up_proj,577,0,0,0
0,up_proj,578,0,0,0
0,up_proj,579,0,0,0
0,up_proj,580,0,0,0
0,up_proj,581,0,0,0
0,up_proj,582,50,0,1
0,up_proj,583,0,0,0
0,up_proj,584,0,0,0
0,up_proj,585,0,0,0
0,up_proj,586,0,0,0
0,up_proj,587,0,0,0
0,up_proj,588,0,0,0
0,up_proj,589,0,0,0
0,up_proj,590,0,0,0
0,up_proj,591,0,0,0
0,up_proj,592,0,0,0
0,up_proj,593,0,0,0
0,up_proj,594,0,0,0
0,up_proj,595,0,0,0
0,up_proj,596,0,0,0
0,up_proj,597,0,0,0
0,up_proj,598,0,0,0
0,up_proj,599,0,0,0
0,up_proj,600,0,0,0
0,up_proj,601,0,0,0
0,up_proj,602,0,0,0
0,up_proj,603,0,0,0
0,up_proj,604,0,0,0
0,up_proj,605,0,0,0
0,up_proj,606,0,0,0
0,up_proj,607,0,0,0
0,up_proj,608,0,0,0
0,up_proj,609,0,0,0
0,up_proj,610,0,0,0
0,up_proj,611,0,0,0
0,up_proj,612,0,0,0
0,up_proj,613,11,1,0
0,up_proj,614,0,0,0
0,up_proj,615,0,0,0
0,up_proj,616,0,0,0
0,up_proj,617,0,0,0
0,up_proj,618,0,0,0
0,up_proj,619,0,0,0
0,up_proj,620,0,0,0
0,up_proj,621,0,0,0
0,up_proj,622,0,0,0
0,up_proj,623,0,0,0
0,up_proj,624,0,0,0
0,up_proj,625,0,0,0
0,up_proj,626,0,0,0
0,up_proj,627,0,0,0
0,up_proj,628,0,0,0
0,up_proj,629,0,0,0
0,up_proj,630,0,0,0
0,up_proj,631,0,0,0
0,up_proj,632,0,0,0
0,up_proj,633,58,1,1
0,up_proj,634,0,0,0
0,up_proj,635,0,0,0
0,up_proj,636,0,0,0
0,up_proj,637,0,0,0
0,up_proj,638,0,0,0
0,up_proj,639,0,0,0
0,up_proj,640,0,0,0
0,up_proj,641,0,0,0
0,up_proj,642,47,1,1
0,up_proj,643,0,0,0
0,up_proj,644,0,0,0
0,up_proj,645,0,0,0
0,up_proj,646,0,0,0
0,up_proj,647,0,0,0
0,up_proj,648,0,0,0
0,up_proj,649,0,0,0
0,up_proj,650,0,0,0
0,up_proj,651,0,0,0
0,up_proj,652,0,0,0
0,up_proj,653,0,0,0
0,up_proj,654,0,0,0
0,up_proj,655,5,0,0
0,up_proj,656,0,0,0
0,up_proj,657,0,0,0
0,up_proj,658,0,0,0
0,up_proj,659,0,0,0
0,up_proj,660,0,0,0
0,up_proj,661,0,0,0
0,up_proj,662,0,0,0
0,up_proj,663,0,0,0
0,up_proj,664,0,0,0
0,up_proj,665,0,0,0
0,up_proj,666,0,0,0
0,up_proj,667,0,0,0
0,up_proj,668,0,0,0
0,up_proj,669,0,0,0
0,up_proj,670,0,0,0
0,up_proj,671,0,0,0
0,up_proj,672,0,0,0
0,up_proj,673,6,0,0
0,up_proj,674,10,0,0
0,up_proj,675,0,0,0
0,up_proj,676,16,0,0
0,up_proj,677,0,0,0
0,up_proj,678,0,0,0
0,up_proj,679,0,0,0
0,up_proj,680,0,0,0
0,up_proj,681,0,0,0
0,up_proj,682,35,1,1
0,up_proj,683,8,0,0
0,up_proj,684,0,0,0
0,up_proj,685,0,0,0
0,up_proj,686,0,0,0
0,up_proj,687,0,0,0
0,up_proj,688,0,0,0
0,up_proj,689,0,0,0
0,up_proj,690,0,0,0
0,up_proj,691,0,0,0
0,up_proj,692,0,0,0
0,up_proj,693,0,0,0
0,up_proj,694,0,0,0
0,up_proj,695,0,0,0
0,up_proj,696,0,0,0
0,up_proj,697,0,0,0
0,up_proj,698,0,0,0
0,up_proj,699,0,0,0
0,up_proj,700,0,0,0
0,up_proj,701,0,0,0
0,up_proj,702,0,0,0
0,up_proj,703,0,0,0
0,up_proj,704,0,0,0
0,up_proj,705,0,0,0
0,up_proj,706,0,0,0
0,up_proj,707,0,0,0
0,up_proj,708,0,0,0
0,up_proj,709,0,0,0
0,up_proj,710,0,0,0
0,up_proj,711,0,0,0
0,up_proj,712,0,0,0
0,up_proj,713,0,0,0
0,up_proj,714,0,0,0
0,up_proj,715,0,0,0
0,up_proj,716,0,0,0
0,up_proj,717,36,0,1
0,up_proj,718,0,0,0
0,up_proj,719,0,0,0
0,up_proj,720,0,0,0
0,up_proj,721,0,0,0
0,up_proj,722,0,0,0
0,up_proj,723,0,0,0
0,up_proj,724,0,0,0
0,up_proj,725,0,0,0
0,up_proj,726,0,0,0
0,up_proj,727,0,0,0
0,up_proj,728,0,0,0
0,up_proj,729,0,0,0
0,up_proj,730,0,0,0
0,up_proj,731,0,0,0
0,up_proj,732,0,0,0
0,up_proj,733,0,0,0
0,up_proj,734,0,0,0
0,up_proj,735,0,0,0
0,up_proj,736,0,0,0
0,up_proj,737,0,0,0
0,up_proj,738,0,0,0
0,up_proj,739,0,0,0
0,up_proj,740,0,0,0
0,up_proj,741,0,0,0
0,up_proj,742,0,0,0
0,up_proj,743,0,0,0
0,up_proj,744,0,0,0
0,up_proj,745,0,0,0
0,up_proj,746,0,0,0
0,up_proj,747,0,0,0
0,up_proj,748,0,0,0
0,up_proj,749,0,0,0
0,up_proj,750,0,0,0
0,up_proj,751,0,0,0
0,up_proj,752,0,0,0
0,up_proj,753,0,0,0
0,up_proj,754,0,0,0
0,up_proj,755,0,0,0
0,up_proj,756,0,0,0
0,up_proj,757,0,0,0
0,up_proj,758,0,0,0
0,up_proj,759,0,0,0
0,up_proj,760,0,0,0
0,up_proj,761,0,0,0
0,up_proj,762,0,0,0
0,up_proj,763,0,0,0
0,up_proj,764,0,0,0
0,up_proj,765,0,0,0
0,up_proj,766,16,0,0
0,up_proj,767,0,0,0
0,up_proj,768,0,0,0
0,up_proj,769,2,0,0
0,up_proj,770,0,0,0
0,up_proj,771,0,0,0
0,up_proj,772,0,0,0
0,up_proj,773,0,0,0
0,up_proj,774,0,0,0
0,up_proj,775,0,0,0
0,up_proj,776,0,0,0
0,up_proj,777,0,0,0
0,up_proj,778,0,0,0
0,up_proj,779,0,0,0
0,up_proj,780,0,0,0
0,up_proj,781,0,0,0
0,up_proj,782,0,0,0
0,up_proj,783,0,0,0
0,up_proj,784,0,0,0
0,up_proj,785,0,0,0
0,up_proj,786,9,1,0
0,up_proj,787,0,0,0
0,up_proj,788,0,0,0
0,up_proj,789,0,0,0
0,up_proj,790,0,0,0
0,up_proj,791,0,0,0
0,up_proj,792,0,0,0
0,up_proj,793,10,0,0
0,up_proj,794,0,0,0
0,up_proj,795,0,0,0
0,up_proj,796,0,0,0
0,up_proj,797,0,0,0
0,up_proj,798,0,0,0
0,up_proj,799,0,0,0
0,up_proj,800,0,0,0
0,up_proj,801,0,0,0
0,up_proj,802,0,0,0
0,up_proj,803,1,0,0
0,up_proj,804,0,0,0
0,up_proj,805,0,0,0
0,up_proj,806,0,0,0
0,up_proj,807,0,0,0
0,up_proj,808,0,0,0
0,up_proj,809,0,0,0
0,up_proj,810,0,0,0
0,up_proj,811,0,0,0
0,up_proj,812,0,0,0
0,up_proj,813,0,0,0
0,up_proj,814,0,0,0
0,up_proj,815,0,0,0
0,up_proj,816,0,0,0
0,up_proj,817,0,0,0
0,up_proj,818,0,0,0
0,up_proj,819,43,1,1
0,up_proj,820,0,0,0
0,up_proj,821,0,0,0
0,up_proj,822,4,0,0
0,up_proj,823,0,0,0
0,up_proj,824,0,0,0
0,up_proj,825,0,0,0
0,up_proj,826,0,0,0
0,up_proj,827,0,0,0
0,up_proj,828,0,0,0
0,up_proj,829,0,0,0
0,up_proj,830,0,0,0
0,up_proj,831,0,0,0
0,up_proj,832,0,0,0
0,up_proj,833,0,0,0
0,up_proj,834,0,0,0
0,up_proj,835,0,0,0
0,up_proj,836,0,0,0
0,up_proj,837,0,0,0
0,up_proj,838,0,0,0
0,up_proj,839,0,0,0
0,up_proj,840,0,0,0
0,up_proj,841,0,0,0
0,up_proj,842,0,0,0
0,up_proj,843,0,0,0
0,up_proj,844,0,0,0
0,up_proj,845,0,0,0
0,up_proj,846,20,0,0
0,up_proj,847,0,0,0
0,up_proj,848,0,0,0
0,up_proj,849,0,0,0
0,up_proj,850,0,0,0
0,up_proj,851,0,0,0
0,up_proj,852,0,0,0
0,up_proj,853,49,1,1
0,up_proj,854,0,0,0
0,up_proj,855,0,0,0
0,up_proj,856,0,0,0
0,up_proj,857,15,0,0
0,up_proj,858,0,0,0
0,up_proj,859,0,0,0
0,up_proj,860,0,0,0
0,up_proj,861,45,1,1
0,up_proj,862,0,0,0
0,up_proj,863,0,0,0
0,up_proj,864,0,0,0
0,up_proj,865,0,0,0
0,up_proj,866,27,1,0
0,up_proj,867,0,0,0
0,up_proj,868,0,0,0
0,up_proj,869,0,0,0
0,up_proj,870,0,0,0
0,up_proj,871,0,0,0
0,up_proj,872,0,0,0
0,up_proj,873,0,0,0
0,up_proj,874,0,0,0
0,up_proj,875,0,0,0
0,up_proj,876,0,0,0
0,up_proj,877,0,0,0
0,up_proj,878,0,0,0
0,up_proj,879,0,0,0
0,up_proj,880,0,0,0
0,up_proj,881,0,0,0
0,up_proj,882,0,0,0
0,up_proj,883,0,0,0
0,up_proj,884,0,0,0
0,up_proj,885,0,0,0
0,up_proj,886,0,0,0
0,up_proj,887,0,0,0
0,up_proj,888,0,0,0
0,up_proj,889,0,0,0
0,up_proj,890,0,0,0
0,up_proj,891,8,0,0
0,up_proj,892,0,0,0
0,up_proj,893,0,0,0
0,up_proj,894,0,0,0
0,up_proj,895,0,0,0
0,up_proj,896,0,0,0
0,up_proj,897,0,0,0
0,up_proj,898,0,0,0
0,up_proj,899,0,0,0
0,up_proj,900,0,0,0
0,up_proj,901,0,0,0
0,up_proj,902,0,0,0
0,up_proj,903,61,1,1
0,up_proj,904,43,0,1
0,up_proj,905,0,0,0
0,up_proj,906,0,0,0
0,up_proj,907,0,0,0
0,up_proj,908,0,0,0
0,up_proj,909,0,0,0
0,up_proj,910,0,0,0
0,up_proj,911,0,0,0
0,up_proj,912,0,0,0
0,up_proj,913,63,1,1
0,up_proj,914,0,0,0
0,up_proj,915,53,1,1
0,up_proj,916,0,0,0
0,up_proj,917,0,0,0
0,up_proj,918,0,0,0
0,up_proj,919,0,0,0
0,up_proj,920,0,0,0
0,up_proj,921,0,0,0
0,up_proj,922,0,0,0
0,up_proj,923,0,0,0
0,up_proj,924,0,0,0
0,up_proj,925,0,0,0
0,up_proj,926,0,0,0
0,up_proj,927,0,0,0
0,up_proj,928,0,0,0
0,up_proj,929,0,0,0
0,up_proj,930,0,0,0
0,up_proj,931,0,0,0
0,up_proj,932,0,0,0
0,up_proj,933,0,0,0
0,up_proj,934,0,0,0
0,up_proj,935,0,0,0
0,up_proj,936,0,0,0
0,up_proj,937,0,0,0
0,up_proj,938,0,0,0
0,up_proj,939,0,0,0
0,up_proj,940,0,0,0
0,up_proj,941,0,0,0
0,up_proj,942,0,0,0
0,up_proj,943,0,0,0
0,up_proj,944,0,0,0
0,up_proj,945,0,0,0
0,up_proj,946,0,0,0
0,up_proj,947,0,0,0
0,up_proj,948,0,0,0
0,up_proj,949,0,0,0
0,up_proj,950,0,0,0
0,up_proj,951,18,1,0
0,up_proj,952,0,0,0
0,up_proj,953,0,0,0
0,up_proj,954,0,0,0
0,up_proj,955,44,1,1
0,up_proj,956,0,0,0
0,up_proj,957,0,0,0
0,up_proj,958,0,0,0
0,up_proj,959,5,0,0
0,up_proj,960,0,0,0
0,up_proj,961,0,0,0
0,up_proj,962,0,0,0
0,up_proj,963,0,0,0
0,up_proj,964,0,0,0
0,up_proj,965,0,0,0
0,up_proj,966,0,0,0
0,up_proj,967,0,0,0
0,up_proj,968,8,1,0
0,up_proj,969,0,0,0
0,up_proj,970,0,0,0
0,up_proj,971,0,0,0
0,up_proj,972,0,0,0
0,up_proj,973,0,0,0
0,up_proj,974,0,0,0
0,up_proj,975,0,0,0
0,up_proj,976,0,0,0
0,up_proj,977,0,0,0
0,up_proj,978,0,0,0
0,up_proj,979,0,0,0
0,up_proj,980,0,0,0
0,up_proj,981,0,0,0
0,up_proj,982,0,0,0
0,up_proj,983,0,0,0
0,up_proj,984,0,0,0
0,up_proj,985,0,0,0
0,up_proj,986,0,0,0
0,up_proj,987,0,0,0
0,up_proj,988,22,1,0
0,up_proj,989,0,0,0
0,up_proj,990,0,0,0
0,up_proj,991,0,0,0
0,up_proj,992,0,0,0
0,up_proj,993,0,0,0
0,up_proj,994,0,0,0
0,up_proj,995,0,0,0
0,up_proj,996,0,0,0
0,up_proj,997,0,0,0
0,up_proj,998,0,0,0
0,up_proj,999,0,0,0
0,up_proj,1000,0,0,0
0,up_proj,1001,0,0,0
0,up_proj,1002,51,1,1
0,up_proj,1003,0,0,0
0,up_proj,1004,0,0,0
0,up_proj,1005,0,0,0
0,up_proj,1006,0,0,0
0,up_proj,1007,0,0,0
0,up_proj,1008,0,0,0
0,up_proj,1009,0,0,0
0,up_proj,1010,36,1,1
0,up_proj,1011,0,0,0
0,up_proj,1012,0,0,0
0,up_proj,1013,0,0,0
0,up_proj,1014,0,0,0
0,up_proj,1015,0,0,0
0,up_proj,1016,29,0,0
0,up_proj,1017,25,0,0
0,up_proj,1018,1,0,0
0,up_proj,1019,0,0,0
0,up_proj,1020,0,0,0
0,up_proj,1021,0,0,0
0,up_proj,1022,0,0,0
0,up_proj,1023,0,0,0
0,up_proj,1024,0,0,0
0,up_proj,1025,0,0,0
0,up_proj,1026,0,0,0
0,up_proj,1027,0,0,0
0,up_proj,1028,0,0,0
0,up_proj,1029,0,0,0
0,up_proj,1030,0,0,0
0,up_proj,1031,0,0,0
0,up_proj,1032,0,0,0
0,up_proj,1033,0,0,0
0,up_proj,1034,0,0,0
0,up_proj,1035,0,0,0
0,up_proj,1036,0,0,0
0,up_proj,1037,0,0,0
0,up_proj,1038,0,0,0
0,up_proj,1039,0,0,0
0,up_proj,1040,0,0,0
0,up_proj,1041,0,0,0
0,up_proj,1042,0,0,0
0,up_proj,1043,0,0,0
0,up_proj,1044,0,0,0
0,up_proj,1045,0,0,0
0,up_proj,1046,0,0,0
0,up_proj,1047,0,0,0
0,up_proj,1048,45,1,1
0,up_proj,1049,0,0,0
0,up_proj,1050,0,0,0
0,up_proj,1051,0,0,0
0,up_proj,1052,0,0,0
0,up_proj,1053,0,0,0
0,up_proj,1054,0,0,0
0,up_proj,1055,24,0,0
0,up_proj,1056,0,0,0
0,up_proj,1057,0,0,0
0,up_proj,1058,0,0,0
0,up_proj,1059,0,0,0
0,up_proj,1060,0,0,0
0,up_proj,1061,0,0,0
0,up_proj,1062,0,0,0
0,up_proj,1063,0,0,0
0,up_proj,1064,0,0,0
0,up_proj,1065,0,0,0
0,up_proj,1066,0,0,0
0,up_proj,1067,1,0,0
0,up_proj,1068,0,0,0
0,up_proj,1069,0,0,0
0,up_proj,1070,0,0,0
0,up_proj,1071,0,0,0
0,up_proj,1072,0,0,0
0,up_proj,1073,2,0,0
0,up_proj,1074,0,0,0
0,up_proj,1075,0,0,0
0,up_proj,1076,0,0,0
0,up_proj,1077,0,0,0
0,up_proj,1078,0,0,0
0,up_proj,1079,0,0,0
0,up_proj,1080,0,0,0
0,up_proj,1081,0,0,0
0,up_proj,1082,0,0,0
0,up_proj,1083,0,0,0
0,up_proj,1084,0,0,0
0,up_proj,1085,0,0,0
0,up_proj,1086,0,0,0
0,up_proj,1087,0,0,0
0,up_proj,1088,0,0,0
0,up_proj,1089,0,0,0
0,up_proj,1090,0,0,0
0,up_proj,1091,0,0,0
0,up_proj,1092,0,0,0
0,up_proj,1093,0,0,0
0,up_proj,1094,0,0,0
0,up_proj,1095,0,0,0
0,up_proj,1096,0,0,0
0,up_proj,1097,0,0,0
0,up_proj,1098,0,0,0
0,up_proj,1099,0,0,0
0,up_proj,1100,0,0,0
0,up_proj,1101,0,0,0
0,up_proj,1102,0,0,0
0,up_proj,1103,0,0,0
0,up_proj,1104,0,0,0
0,up_proj,1105,0,0,0
0,up_proj,1106,0,0,0
0,up_proj,1107,0,0,0
0,up_proj,1108,0,0,0
0,up_proj,1109,0,0,0
0,up_proj,1110,0,0,0
0,up_proj,1111,0,0,0
0,up_proj,1112,0,0,0
0,up_proj,1113,0,0,0
0,up_proj,1114,0,0,0
0,up_proj,1115,34,1,1
0,up_proj,1116,0,0,0
0,up_proj,1117,0,0,0
0,up_proj,1118,0,0,0
0,up_proj,1119,0,0,0
0,up_proj,1120,0,0,0
0,up_proj,1121,0,0,0
0,up_proj,1122,0,0,0
0,up_proj,1123,0,0,0
0,up_proj,1124,0,0,0
0,up_proj,1125,0,0,0
0,up_proj,1126,23,0,0
0,up_proj,1127,0,0,0
0,up_proj,1128,0,0,0
0,up_proj,1129,0,0,0
0,up_proj,1130,0,0,0
0,up_proj,1131,1,0,0
0,up_proj,1132,0,0,0
0,up_proj,1133,0,0,0
0,up_proj,1134,0,0,0
0,up_proj,1135,0,0,0
0,up_proj,1136,0,0,0
0,up_proj,1137,0,0,0
0,up_proj,1138,0,0,0
0,up_proj,1139,0,0,0
0,up_proj,1140,0,0,0
0,up_proj,1141,0,0,0
0,up_proj,1142,0,0,0
0,up_proj,1143,0,0,0
0,up_proj,1144,0,0,0
0,up_proj,1145,0,0,0
0,up_proj,1146,0,0,0
0,up_proj,1147,0,0,0
0,up_proj,1148,0,0,0
0,up_proj,1149,0,0,0
0,up_proj,1150,0,0,0
0,up_proj,1151,0,0,0
0,up_proj,1152,8,0,0
0,up_proj,1153,0,0,0
0,up_proj,1154,0,0,0
0,up_proj,1155,0,0,0
0,up_proj,1156,10,0,0
0,up_proj,1157,0,0,0
0,up_proj,1158,0,0,0
0,up_proj,1159,0,0,0
0,up_proj,1160,0,0,0
0,up_proj,1161,58,1,1
0,up_proj,1162,0,0,0
0,up_proj,1163,0,0,0
0,up_proj,1164,0,0,0
0,up_proj,1165,0,0,0
0,up_proj,1166,0,0,0
0,up_proj,1167,0,0,0
0,up_proj,1168,0,0,0
0,up_proj,1169,4,0,0
0,up_proj,1170,0,0,0
0,up_proj,1171,0,0,0
0,up_proj,1172,0,0,0
0,up_proj,1173,0,0,0
0,up_proj,1174,0,0,0
0,up_proj,1175,0,0,0
0,up_proj,1176,0,0,0
0,up_proj,1177,0,0,0
0,up_proj,1178,0,0,0
0,up_proj,1179,0,0,0
0,up_proj,1180,0,0,0
0,up_proj,1181,0,0,0
0,up_proj,1182,0,0,0
0,up_proj,1183,0,0,0
0,up_proj,1184,0,0,0
0,up_proj,1185,0,0,0
0,up_proj,1186,0,0,0
0,up_proj,1187,56,1,1
0,up_proj,1188,0,0,0
0,up_proj,1189,0,0,0
0,up_proj,1190,0,0,0
0,up_proj,1191,0,0,0
0,up_proj,1192,0,0,0
0,up_proj,1193,0,0,0
0,up_proj,1194,0,0,0
0,up_proj,1195,0,0,0
0,up_proj,1196,0,0,0
0,up_proj,1197,0,0,0
0,up_proj,1198,6,0,0
0,up_proj,1199,0,0,0
0,up_proj,1200,0,0,0
0,up_proj,1201,0,0,0
0,up_proj,1202,11,1,0
0,up_proj,1203,0,0,0
0,up_proj,1204,0,0,0
0,up_proj,1205,0,0,0
0,up_proj,1206,51,0,1
0,up_proj,1207,0,0,0
0,up_proj,1208,0,0,0
0,up_proj,1209,8,0,0
0,up_proj,1210,0,0,0
0,up_proj,1211,0,0,0
0,up_proj,1212,0,0,0
0,up_proj,1213,0,0,0
0,up_proj,1214,0,0,0
0,up_proj,1215,0,0,0
0,up_proj,1216,0,0,0
0,up_proj,1217,0,0,0
0,up_proj,1218,0,0,0
0,up_proj,1219,0,0,0
0,up_proj,1220,0,0,0
0,up_proj,1221,0,0,0
0,up_proj,1222,0,0,0
0,up_proj,1223,0,0,0
0,up_proj,1224,0,0,0
0,up_proj,1225,0,0,0
0,up_proj,1226,0,0,0
0,up_proj,1227,0,0,0
0,up_proj,1228,0,0,0
0,up_proj,1229,0,0,0
0,up_proj,1230,0,0,0
0,up_proj,1231,0,0,0
0,up_proj,1232,0,0,0
0,up_proj,1233,0,0,0
0,up_proj,1234,0,0,0
0,up_proj,1235,0,0,0
0,up_proj,1236,0,0,0
0,up_proj,1237,0,0,0
0,up_proj,1238,0,0,0
0,up_proj,1239,0,0,0
0,up_proj,1240,0,0,0
0,up_proj,1241,0,0,0
0,up_proj,1242,0,0,0
0,up_proj,1243,0,0,0
0,up_proj,1244,0,0,0
0,up_proj,1245,0,0,0
0,up_proj,1246,0,0,0
0,up_proj,1247,0,0,0
0,up_proj,1248,0,0,0
0,up_proj,1249,0,0,0
0,up_proj,1250,0,0,0
0,up_proj,1251,0,0,0
0,up_proj,1252,0,0,0
0,up_proj,1253,0,0,0
0,up_proj,1254,0,0,0
0,up_proj,1255,0,0,0
0,up_proj,1256,0,0,0
0,up_proj,1257,0,0,0
0,up_proj,1258,0,0,0
0,up_proj,1259,0,0,0
0,up_proj,1260,0,0,0
0,up_proj,1261,53,1,1
0,up_proj,1262,0,0,0
0,up_proj,1263,0,0,0
0,up_proj,1264,0,0,0
0,up_proj,1265,0,0,0
0,up_proj,1266,0,0,0
0,up_proj,1267,0,0,0
0,up_proj,1268,0,0,0
0,up_proj,1269,0,0,0
0,up_proj,1270,0,0,0
0,up_proj,1271,0,0,0
0,up_proj,1272,0,0,0
0,up_proj,1273,0,0,0
0,up_proj,1274,0,0,0
0,up_proj,1275,0,0,0
0,up_proj,1276,0,0,0
0,up_proj,1277,0,0,0
0,up_proj,1278,0,0,0
0,up_proj,1279,0,0,0
0,up_proj,1280,0,0,0
0,up_proj,1281,8,0,0
0,up_proj,1282,0,0,0
0,up_proj,1283,0,0,0
0,up_proj,1284,0,0,0
0,up_proj,1285,0,0,0
0,up_proj,1286,0,0,0
0,up_proj,1287,0,0,0
0,up_proj,1288,0,0,0
0,up_proj,1289,0,0,0
0,up_proj,1290,0,0,0
0,up_proj,1291,0,0,0
0,up_proj,1292,0,0,0
0,up_proj,1293,0,0,0
0,up_proj,1294,0,0,0
0,up_proj,1295,0,0,0
0,up_proj,1296,0,0,0
0,up_proj,1297,0,0,0
0,up_proj,1298,0,0,0
0,up_proj,1299,0,0,0
0,up_proj,1300,8,0,0
0,up_proj,1301,0,0,0
0,up_proj,1302,0,0,0
0,up_proj,1303,0,0,0
0,up_proj,1304,0,0,0
0,up_proj,1305,0,0,0
0,up_proj,1306,0,0,0
0,up_proj,1307,0,0,0
0,up_proj,1308,0,0,0
0,up_proj,1309,0,0,0
0,up_proj,1310,0,0,0
0,up_proj,1311,0,0,0
0,up_proj,1312,0,0,0
0,up_proj,1313,0,0,0
0,up_proj,1314,0,0,0
0,up_proj,1315,0,0,0
0,up_proj,1316,0,0,0
0,up_proj,1317,0,0,0
0,up_proj,1318,0,0,0
0,up_proj,1319,0,0,0
0,up_proj,1320,0,0,0
0,up_proj,1321,0,0,0
0,up_proj,1322,5,0,0
0,up_proj,1323,0,0,0
0,up_proj,1324,0,0,0
0,up_proj,1325,1,0,0
0,up_proj,1326,0,0,0
0,up_proj,1327,0,0,0
0,up_proj,1328,0,0,0
0,up_proj,1329,0,0,0
0,up_proj,1330,0,0,0
0,up_proj,1331,0,0,0
0,up_proj,1332,0,0,0
0,up_proj,1333,0,0,0
0,up_proj,1334,0,0,0
0,up_proj,1335,0,0,0
0,up_proj,1336,1,0,0
0,up_proj,1337,0,0,0
0,up_proj,1338,0,0,0
0,up_proj,1339,0,0,0
0,up_proj,1340,0,0,0
0,up_proj,1341,0,0,0
0,up_proj,1342,0,0,0
0,up_proj,1343,10,0,0
0,up_proj,1344,0,0,0
0,up_proj,1345,0,0,0
0,up_proj,1346,0,0,0
0,up_proj,1347,0,0,0
0,up_proj,1348,0,0,0
0,up_proj,1349,0,0,0
0,up_proj,1350,0,0,0
0,up_proj,1351,0,0,0
0,up_proj,1352,0,0,0
0,up_proj,1353,0,0,0
0,up_proj,1354,0,0,0
0,up_proj,1355,0,0,0
0,up_proj,1356,0,0,0
0,up_proj,1357,0,0,0
0,up_proj,1358,0,0,0
0,up_proj,1359,54,1,1
0,up_proj,1360,0,0,0
0,up_proj,1361,6,0,0
0,up_proj,1362,0,0,0
0,up_proj,1363,0,0,0
0,up_proj,1364,0,0,0
0,up_proj,1365,0,0,0
0,up_proj,1366,0,0,0
0,up_proj,1367,0,0,0
0,up_proj,1368,0,0,0
0,up_proj,1369,0,0,0
0,up_proj,1370,2,0,0
0,up_proj,1371,0,0,0
0,up_proj,1372,0,0,0
0,up_proj,1373,0,0,0
0,up_proj,1374,0,0,0
0,up_proj,1375,8,0,0
0,up_proj,1376,0,0,0
0,up_proj,1377,0,0,0
0,up_proj,1378,1,0,0
0,up_proj,1379,0,0,0
0,up_proj,1380,0,0,0
0,up_proj,1381,49,1,1
0,up_proj,1382,0,0,0
0,up_proj,1383,0,0,0
0,up_proj,1384,0,0,0
0,up_proj,1385,0,0,0
0,up_proj,1386,0,0,0
0,up_proj,1387,0,0,0
0,up_proj,1388,0,0,0
0,up_proj,1389,0,0,0
0,up_proj,1390,0,0,0
0,up_proj,1391,12,1,0
0,up_proj,1392,0,0,0
0,up_proj,1393,0,0,0
0,up_proj,1394,0,0,0
0,up_proj,1395,0,0,0
0,up_proj,1396,0,0,0
0,up_proj,1397,0,0,0
0,up_proj,1398,0,0,0
0,up_proj,1399,0,0,0
0,up_proj,1400,0,0,0
0,up_proj,1401,0,0,0
0,up_proj,1402,0,0,0
0,up_proj,1403,1,0,0
0,up_proj,1404,0,0,0
0,up_proj,1405,0,0,0
0,up_proj,1406,0,0,0
0,up_proj,1407,0,0,0
0,up_proj,1408,0,0,0
0,up_proj,1409,0,0,0
0,up_proj,1410,0,0,0
0,up_proj,1411,0,0,0
0,up_proj,1412,0,0,0
0,up_proj,1413,0,0,0
0,up_proj,1414,0,0,0
0,up_proj,1415,60,0,1
0,up_proj,1416,0,0,0
0,up_proj,1417,0,0,0
0,up_proj,1418,0,0,0
0,up_proj,1419,0,0,0
0,up_proj,1420,0,0,0
0,up_proj,1421,64,1,1
0,up_proj,1422,0,0,0
0,up_proj,1423,41,0,1
0,up_proj,1424,0,0,0
0,up_proj,1425,0,0,0
0,up_proj,1426,0,0,0
0,up_proj,1427,0,0,0
0,up_proj,1428,0,0,0
0,up_proj,1429,0,0,0
0,up_proj,1430,0,0,0
0,up_proj,1431,0,0,0
0,up_proj,1432,0,0,0
0,up_proj,1433,0,0,0
0,up_proj,1434,0,0,0
0,up_proj,1435,0,0,0
0,up_proj,1436,0,0,0
0,up_proj,1437,0,0,0
0,up_proj,1438,0,0,0
0,up_proj,1439,0,0,0
0,up_proj,1440,0,0,0
0,up_proj,1441,0,0,0
0,up_proj,1442,0,0,0
0,up_proj,1443,0,0,0
0,up_proj,1444,0,0,0
0,up_proj,1445,0,0,0
0,up_proj,1446,0,0,0
0,up_proj,1447,0,0,0
0,up_proj,1448,0,0,0
0,up_proj,1449,0,0,0
0,up_proj,1450,0,0,0
0,up_proj,1451,0,0,0
0,up_proj,1452,0,0,0
0,up_proj,1453,63,1,1
0,up_proj,1454,0,0,0
0,up_proj,1455,0,0,0
0,up_proj,1456,0,0,0
0,up_proj,1457,0,0,0
0,up_proj,1458,0,0,0
0,up_proj,1459,0,0,0
0,up_proj,1460,0,0,0
0,up_proj,1461,0,0,0
0,up_proj,1462,0,0,0
0,up_proj,1463,0,0,0
0,up_proj,1464,0,0,0
0,up_proj,1465,0,0,0
0,up_proj,1466,0,0,0
0,up_proj,1467,0,0,0
0,up_proj,1468,0,0,0
0,up_proj,1469,3,0,0
0,up_proj,1470,0,0,0
0,up_proj,1471,17,0,0
0,up_proj,1472,0,0,0
0,up_proj,1473,0,0,0
0,up_proj,1474,0,0,0
0,up_proj,1475,0,0,0
0,up_proj,1476,0,0,0
0,up_proj,1477,0,0,0
0,up_proj,1478,0,0,0
0,up_proj,1479,64,1,1
0,up_proj,1480,3,0,0
0,up_proj,1481,0,0,0
0,up_proj,1482,0,0,0
0,up_proj,1483,0,0,0
0,up_proj,1484,0,0,0
0,up_proj,1485,0,0,0
0,up_proj,1486,0,0,0
0,up_proj,1487,0,0,0
0,up_proj,1488,0,0,0
0,up_proj,1489,0,0,0
0,up_proj,1490,0,0,0
0,up_proj,1491,0,0,0
0,up_proj,1492,0,0,0
0,up_proj,1493,0,0,0
0,up_proj,1494,0,0,0
0,up_proj,1495,0,0,0
0,up_proj,1496,0,0,0
0,up_proj,1497,0,0,0
0,up_proj,1498,0,0,0
0,up_proj,1499,0,0,0
0,up_proj,1500,0,0,0
0,up_proj,1501,0,0,0
0,up_proj,1502,0,0,0
0,up_proj,1503,0,0,0
0,up_proj,1504,0,0,0
0,up_proj,1505,0,0,0
0,up_proj,1506,0,0,0
0,up_proj,1507,0,0,0
0,up_proj,1508,0,0,0
0,up_proj,1509,0,0,0
0,up_proj,1510,0,0,0
0,up_proj,1511,0,0,0
0,up_proj,1512,0,0,0
0,up_proj,1513,0,0,0
0,up_proj,1514,0,0,0
0,up_proj,1515,0,0,0
0,up_proj,1516,0,0,0
0,up_proj,1517,0,0,0
0,up_proj,1518,0,0,0
0,up_proj,1519,2,0,0
0,up_proj,1520,0,0,0
0,up_proj,1521,0,0,0
0,up_proj,1522,0,0,0
0,up_proj,1523,0,0,0
0,up_proj,1524,0,0,0
0,up_proj,1525,0,0,0
0,up_proj,1526,0,0,0
0,up_proj,1527,0,0,0
0,up_proj,1528,0,0,0
0,up_proj,1529,0,0,0
0,up_proj,1530,0,0,0
0,up_proj,1531,0,0,0
0,up_proj,1532,0,0,0
0,up_proj,1533,0,0,0
0,up_proj,1534,0,0,0
0,up_proj,1535,0,0,0
0,up_proj,1536,0,0,0
0,up_proj,1537,0,0,0
0,up_proj,1538,0,0,0
0,up_proj,1539,0,0,0
0,up_proj,1540,0,0,0
0,up_proj,1541,0,0,0
0,up_proj,1542,0,0,0
0,up_proj,1543,0,0,0
0,up_proj,1544,0,0,0
0,up_proj,1545,0,0,0
0,up_proj,1546,0,0,0
0,up_proj,1547,0,0,0
0,up_proj,1548,18,0,0
0,up_proj,1549,0,0,0
0,up_proj,1550,0,0,0
0,up_proj,1551,1,0,0
0,up_proj,1552,0,0,0
0,up_proj,1553,0,0,0
0,up_proj,1554,0,0,0
0,up_proj,1555,0,0,0
0,up_proj,1556,0,0,0
0,up_proj,1557,0,0,0
0,up_proj,1558,0,0,0
0,up_proj,1559,0,0,0
0,up_proj,1560,62,1,1
0,up_proj,1561,0,0,0
0,up_proj,1562,0,0,0
0,up_proj,1563,0,0,0
0,up_proj,1564,0,0,0
0,up_proj,1565,0,0,0
0,up_proj,1566,0,0,0
0,up_proj,1567,0,0,0
0,up_proj,1568,0,0,0
0,up_proj,1569,0,0,0
0,up_proj,1570,0,0,0
0,up_proj,1571,0,0,0
0,up_proj,1572,0,0,0
0,up_proj,1573,64,1,1
0,up_proj,1574,0,0,0
0,up_proj,1575,0,0,0
0,up_proj,1576,0,0,0
0,up_proj,1577,0,0,0
0,up_proj,1578,0,0,0
0,up_proj,1579,0,0,0
0,up_proj,1580,0,0,0
0,up_proj,1581,0,0,0
0,up_proj,1582,0,0,0
0,up_proj,1583,0,0,0
0,up_proj,1584,0,0,0
0,up_proj,1585,0,0,0
0,up_proj,1586,0,0,0
0,up_proj,1587,0,0,0
0,up_proj,1588,0,0,0
0,up_proj,1589,0,0,0
0,up_proj,1590,0,0,0
0,up_proj,1591,0,0,0
0,up_proj,1592,0,0,0
0,up_proj,1593,0,0,0
0,up_proj,1594,0,0,0
0,up_proj,1595,0,0,0
0,up_proj,1596,0,0,0
0,up_proj,1597,0,0,0
0,up_proj,1598,12,0,0
0,up_proj,1599,0,0,0
0,up_proj,1600,0,0,0
0,up_proj,1601,0,0,0
0,up_proj,1602,0,0,0
0,up_proj,1603,1,0,0
0,up_proj,1604,0,0,0
0,up_proj,1605,0,0,0
0,up_proj,1606,0,0,0
0,up_proj,1607,0,0,0
0,up_proj,1608,0,0,0
0,up_proj,1609,0,0,0
0,up_proj,1610,0,0,0
0,up_proj,1611,0,0,0
0,up_proj,1612,0,0,0
0,up_proj,1613,0,0,0
0,up_proj,1614,0,0,0
0,up_proj,1615,0,0,0
0,up_proj,1616,0,0,0
0,up_proj,1617,0,0,0
0,up_proj,1618,0,0,0
0,up_proj,1619,0,0,0
0,up_proj,1620,0,0,0
0,up_proj,1621,0,0,0
0,up_proj,1622,0,0,0
0,up_proj,1623,0,0,0
0,up_proj,1624,0,0,0
0,up_proj,1625,0,0,0
0,up_proj,1626,0,0,0
0,up_proj,1627,0,0,0
0,up_proj,1628,0,0,0
0,up_proj,1629,0,0,0
0,up_proj,1630,0,0,0
0,up_proj,1631,0,0,0
0,up_proj,1632,0,0,0
0,up_proj,1633,0,0,0
0,up_proj,1634,0,0,0
0,up_proj,1635,0,0,0
0,up_proj,1636,0,0,0
0,up_proj,1637,0,0,0
0,up_proj,1638,0,0,0
0,up_proj,1639,0,0,0
0,up_proj,1640,0,0,0
0,up_proj,1641,0,0,0
0,up_proj,1642,0,0,0
0,up_proj,1643,0,0,0
0,up_proj,1644,0,0,0
0,up_proj,1645,0,0,0
0,up_proj,1646,0,0,0
0,up_proj,1647,0,0,0
0,up_proj,1648,0,0,0
0,up_proj,1649,0,0,0
0,up_proj,1650,0,0,0
0,up_proj,1651,0,0,0
0,up_proj,1652,0,0,0
0,up_proj,1653,0,0,0
0,up_proj,1654,0,0,0
0,up_proj,1655,0,0,0
0,up_proj,1656,0,0,0
0,up_proj,1657,0,0,0
0,up_proj,1658,0,0,0
0,up_proj,1659,0,0,0
0,up_proj,1660,0,0,0
0,up_proj,1661,0,0,0
0,up_proj,1662,0,0,0
0,up_proj,1663,0,0,0
0,up_proj,1664,0,0,0
0,up_proj,1665,0,0,0
0,up_proj,1666,0,0,0
0,up_proj,1667,0,0,0
0,up_proj,1668,0,0,0
0,up_proj,1669,0,0,0
0,up_proj,1670,0,0,0
0,up_proj,1671,0,0,0
0,up_proj,1672,0,0,0
0,up_proj,1673,0,0,0
0,up_proj,1674,22,0,0
0,up_proj,1675,0,0,0
0,up_proj,1676,0,0,0
0,up_proj,1677,0,0,0
0,up_proj,1678,0,0,0
0,up_proj,1679,0,0,0
0,up_proj,1680,0,0,0
0,up_proj,1681,0,0,0
0,up_proj,1682,0,0,0
0,up_proj,1683,0,0,0
0,up_proj,1684,0,0,0
0,up_proj,1685,0,0,0
0,up_proj,1686,46,0,1
0,up_proj,1687,0,0,0
0,up_proj,1688,0,0,0
0,up_proj,1689,0,0,0
0,up_proj,1690,47,1,1
0,up_proj,1691,0,0,0
0,up_proj,1692,0,0,0
0,up_proj,1693,0,0,0
0,up_proj,1694,0,0,0
0,up_proj,1695,0,0,0
0,up_proj,1696,0,0,0
0,up_proj,1697,0,0,0
0,up_proj,1698,13,1,0
0,up_proj,1699,39,1,1
0,up_proj,1700,0,0,0
0,up_proj,1701,0,0,0
0,up_proj,1702,0,0,0
0,up_proj,1703,0,0,0
0,up_proj,1704,0,0,0
0,up_proj,1705,0,0,0
0,up_proj,1706,0,0,0
0,up_proj,1707,0,0,0
0,up_proj,1708,0,0,0
0,up_proj,1709,0,0,0
0,up_proj,1710,0,0,0
0,up_proj,1711,0,0,0
0,up_proj,1712,0,0,0
0,up_proj,1713,0,0,0
0,up_proj,1714,0,0,0
0,up_proj,1715,0,0,0
0,up_proj,1716,0,0,0
0,up_proj,1717,0,0,0
0,up_proj,1718,0,0,0
0,up_proj,1719,0,0,0
0,up_proj,1720,0,0,0
0,up_proj,1721,0,0,0
0,up_proj,1722,0,0,0
0,up_proj,1723,0,0,0
0,up_proj,1724,0,0,0
0,up_proj,1725,0,0,0
0,up_proj,1726,0,0,0
0,up_proj,1727,0,0,0
0,up_proj,1728,0,0,0
0,up_proj,1729,0,0,0
0,up_proj,1730,0,0,0
0,up_proj,1731,10,0,0
0,up_proj,1732,0,0,0
0,up_proj,1733,1,0,0
0,up_proj,1734,0,0,0
0,up_proj,1735,0,0,0
0,up_proj,1736,0,0,0
0,up_proj,1737,0,0,0
0,up_proj,1738,31,0,1
0,up_proj,1739,0,0,0
0,up_proj,1740,0,0,0
0,up_proj,1741,9,0,0
0,up_proj,1742,0,0,0
0,up_proj,1743,21,0,0
0,up_proj,1744,0,0,0
0,up_proj,1745,0,0,0
0,up_proj,1746,0,0,0
0,up_proj,1747,0,0,0
0,up_proj,1748,0,0,0
0,up_proj,1749,0,0,0
0,up_proj,1750,0,0,0
0,up_proj,1751,0,0,0
0,up_proj,1752,0,0,0
0,up_proj,1753,48,1,1
0,up_proj,1754,0,0,0
0,up_proj,1755,0,0,0
0,up_proj,1756,0,0,0
0,up_proj,1757,0,0,0
0,up_proj,1758,1,0,0
0,up_proj,1759,0,0,0
0,up_proj,1760,0,0,0
0,up_proj,1761,0,0,0
0,up_proj,1762,0,0,0
0,up_proj,1763,0,0,0
0,up_proj,1764,0,0,0
0,up_proj,1765,0,0,0
0,up_proj,1766,0,0,0
0,up_proj,1767,0,0,0
0,up_proj,1768,0,0,0
0,up_proj,1769,0,0,0
0,up_proj,1770,0,0,0
0,up_proj,1771,2,0,0
0,up_proj,1772,0,0,0
0,up_proj,1773,0,0,0
0,up_proj,1774,0,0,0
0,up_proj,1775,0,0,0
0,up_proj,1776,0,0,0
0,up_proj,1777,0,0,0
0,up_proj,1778,0,0,0
0,up_proj,1779,0,0,0
0,up_proj,1780,0,0,0
0,up_proj,1781,0,0,0
0,up_proj,1782,0,0,0
0,up_proj,1783,0,0,0
0,up_proj,1784,8,0,0
0,up_proj,1785,0,0,0
0,up_proj,1786,0,0,0
0,up_proj,1787,0,0,0
0,up_proj,1788,0,0,0
0,up_proj,1789,0,0,0
0,up_proj,1790,0,0,0
0,up_proj,1791,0,0,0
0,up_proj,1792,0,0,0
0,up_proj,1793,0,0,0
0,up_proj,1794,0,0,0
0,up_proj,1795,0,0,0
0,up_proj,1796,0,0,0
0,up_proj,1797,0,0,0
0,up_proj,1798,0,0,0
0,up_proj,1799,0,0,0
0,up_proj,1800,0,0,0
0,up_proj,1801,0,0,0
0,up_proj,1802,0,0,0
0,up_proj,1803,0,0,0
0,up_proj,1804,0,0,0
0,up_proj,1805,0,0,0
0,up_proj,1806,0,0,0
0,up_proj,1807,0,0,0
0,up_proj,1808,0,0,0
0,up_proj,1809,0,0,0
0,up_proj,1810,4,0,0
0,up_proj,1811,0,0,0
0,up_proj,1812,0,0,0
0,up_proj,1813,0,0,0
0,up_proj,1814,0,0,0
0,up_proj,1815,0,0,0
0,up_proj,1816,0,0,0
0,up_proj,1817,0,0,0
0,up_proj,1818,0,0,0
0,up_proj,1819,0,0,0
0,up_proj,1820,0,0,0
0,up_proj,1821,0,0,0
0,up_proj,1822,0,0,0
0,up_proj,1823,47,1,1
0,up_proj,1824,0,0,0
0,up_proj,1825,0,0,0
0,up_proj,1826,0,0,0
0,up_proj,1827,0,0,0
0,up_proj,1828,0,0,0
0,up_proj,1829,0,0,0
0,up_proj,1830,0,0,0
0,up_proj,1831,0,0,0
0,up_proj,1832,0,0,0
0,up_proj,1833,0,0,0
0,up_proj,1834,0,0,0
0,up_proj,1835,0,0,0
0,up_proj,1836,0,0,0
0,up_proj,1837,0,0,0
0,up_proj,1838,0,0,0
0,up_proj,1839,0,0,0
0,up_proj,1840,2,0,0
0,up_proj,1841,0,0,0
0,up_proj,1842,0,0,0
0,up_proj,1843,0,0,0
0,up_proj,1844,0,0,0
0,up_proj,1845,0,0,0
0,up_proj,1846,0,0,0
0,up_proj,1847,0,0,0
0,up_proj,1848,0,0,0
0,up_proj,1849,0,0,0
0,up_proj,1850,0,0,0
0,up_proj,1851,0,0,0
0,up_proj,1852,0,0,0
0,up_proj,1853,0,0,0
0,up_proj,1854,0,0,0
0,up_proj,1855,0,0,0
0,up_proj,1856,0,0,0
0,up_proj,1857,0,0,0
0,up_proj,1858,0,0,0
0,up_proj,1859,0,0,0
0,up_proj,1860,0,0,0
0,up_proj,1861,0,0,0
0,up_proj,1862,0,0,0
0,up_proj,1863,0,0,0
0,up_proj,1864,0,0,0
0,up_proj,1865,0,0,0
0,up_proj,1866,0,0,0
0,up_proj,1867,0,0,0
0,up_proj,1868,0,0,0
0,up_proj,1869,0,0,0
0,up_proj,1870,0,0,0
0,up_proj,1871,0,0,0
0,up_proj,1872,0,0,0
0,up_proj,1873,0,0,0
0,up_proj,1874,0,0,0
0,up_proj,1875,0,0,0
0,up_proj,1876,0,0,0
0,up_proj,1877,0,0,0
0,up_proj,1878,0,0,0
0,up_proj,1879,0,0,0
0,up_proj,1880,0,0,0
0,up_proj,1881,0,0,0
0,up_proj,1882,0,0,0
0,up_proj,1883,0,0,0
0,up_proj,1884,64,1,1
0,up_proj,1885,0,0,0
0,up_proj,1886,0,0,0
0,up_proj,1887,0,0,0
0,up_proj,1888,0,0,0
0,up_proj,1889,0,0,0
0,up_proj,1890,0,0,0
0,up_proj,1891,0,0,0
0,up_proj,1892,0,0,0
0,up_proj,1893,0,0,0
0,up_proj,1894,0,0,0
0,up_proj,1895,0,0,0
0,up_proj,1896,0,0,0
0,up_proj,1897,0,0,0
0,up_proj,1898,0,0,0
0,up_proj,1899,19,0,0
0,up_proj,1900,0,0,0
0,up_proj,1901,0,0,0
0,up_proj,1902,0,0,0
0,up_proj,1903,0,0,0
0,up_proj,1904,0,0,0
0,up_proj,1905,0,0,0
0,up_proj,1906,2,0,0
0,up_proj,1907,0,0,0
0,up_proj,1908,0,0,0
0,up_proj,1909,0,0,0
0,up_proj,1910,0,0,0
0,up_proj,1911,0,0,0
0,up_proj,1912,0,0,0
0,up_proj,1913,0,0,0
0,up_proj,1914,0,0,0
0,up_proj,1915,53,1,1
0,up_proj,1916,0,0,0
0,up_proj,1917,0,0,0
0,up_proj,1918,0,0,0
0,up_proj,1919,0,0,0
0,up_proj,1920,0,0,0
0,up_proj,1921,0,0,0
0,up_proj,1922,0,0,0
0,up_proj,1923,0,0,0
0,up_proj,1924,0,0,0
0,up_proj,1925,2,0,0
0,up_proj,1926,0,0,0
0,up_proj,1927,0,0,0
0,up_proj,1928,0,0,0
0,up_proj,1929,0,0,0
0,up_proj,1930,0,0,0
0,up_proj,1931,0,0,0
0,up_proj,1932,0,0,0
0,up_proj,1933,0,0,0
0,up_proj,1934,0,0,0
0,up_proj,1935,1,0,0
0,up_proj,1936,0,0,0
0,up_proj,1937,0,0,0
0,up_proj,1938,0,0,0
0,up_proj,1939,0,0,0
0,up_proj,1940,0,0,0
0,up_proj,1941,0,0,0
0,up_proj,1942,0,0,0
0,up_proj,1943,0,0,0
0,up_proj,1944,10,0,0
0,up_proj,1945,0,0,0
0,up_proj,1946,0,0,0
0,up_proj,1947,0,0,0
0,up_proj,1948,0,0,0
0,up_proj,1949,0,0,0
0,up_proj,1950,0,0,0
0,up_proj,1951,0,0,0
0,up_proj,1952,0,0,0
0,up_proj,1953,0,0,0
0,up_proj,1954,0,0,0
0,up_proj,1955,0,0,0
0,up_proj,1956,0,0,0
0,up_proj,1957,0,0,0
0,up_proj,1958,0,0,0
0,up_proj,1959,0,0,0
0,up_proj,1960,0,0,0
0,up_proj,1961,0,0,0
0,up_proj,1962,0,0,0
0,up_proj,1963,0,0,0
0,up_proj,1964,0,0,0
0,up_proj,1965,0,0,0
0,up_proj,1966,0,0,0
0,up_proj,1967,0,0,0
0,up_proj,1968,0,0,0
0,up_proj,1969,0,0,0
0,up_proj,1970,0,0,0
0,up_proj,1971,0,0,0
0,up_proj,1972,0,0,0
0,up_proj,1973,0,0,0
0,up_proj,1974,0,0,0
0,up_proj,1975,0,0,0
0,up_proj,1976,0,0,0
0,up_proj,1977,0,0,0
0,up_proj,1978,0,0,0
0,up_proj,1979,0,0,0
0,up_proj,1980,0,0,0
0,up_proj,1981,0,0,0
0,up_proj,1982,0,0,0
0,up_proj,1983,0,0,0
0,up_proj,1984,0,0,0
0,up_proj,1985,0,0,0
0,up_proj,1986,0,0,0
0,up_proj,1987,0,0,0
0,up_proj,1988,0,0,0
0,up_proj,1989,0,0,0
0,up_proj,1990,44,1,1
0,up_proj,1991,0,0,0
0,up_proj,1992,0,0,0
0,up_proj,1993,0,0,0
0,up_proj,1994,0,0,0
0,up_proj,1995,0,0,0
0,up_proj,1996,0,0,0
0,up_proj,1997,0,0,0
0,up_proj,1998,0,0,0
0,up_proj,1999,0,0,0
0,up_proj,2000,0,0,0
0,up_proj,2001,34,1,1
0,up_proj,2002,0,0,0
0,up_proj,2003,0,0,0
0,up_proj,2004,0,0,0
0,up_proj,2005,0,0,0
0,up_proj,2006,0,0,0
0,up_proj,2007,0,0,0
0,up_proj,2008,0,0,0
0,up_proj,2009,0,0,0
0,up_proj,2010,0,0,0
0,up_proj,2011,0,0,0
0,up_proj,2012,0,0,0
0,up_proj,2013,0,0,0
0,up_proj,2014,0,0,0
0,up_proj,2015,0,0,0
0,up_proj,2016,24,0,0
0,up_proj,2017,0,0,0
0,up_proj,2018,0,0,0
0,up_proj,2019,0,0,0
0,up_proj,2020,0,0,0
0,up_proj,2021,0,0,0
0,up_proj,2022,0,0,0
0,up_proj,2023,0,0,0
0,up_proj,2024,0,0,0
0,up_proj,2025,0,0,0
0,up_proj,2026,0,0,0
0,up_proj,2027,0,0,0
0,up_proj,2028,0,0,0
0,up_proj,2029,0,0,0
0,up_proj,2030,0,0,0
0,up_proj,2031,0,0,0
0,up_proj,2032,0,0,0
0,up_proj,2033,0,0,0
0,up_proj,2034,0,0,0
0,up_proj,2035,0,0,0
0,up_proj,2036,0,0,0
0,up_proj,2037,0,0,0
0,up_proj,2038,0,0,0
0,up_proj,2039,0,0,0
0,up_proj,2040,0,0,0
0,up_proj,2041,0,0,0
0,up_proj,2042,0,0,0
0,up_proj,2043,0,0,0
0,up_proj,2044,0,0,0
0,up_proj,2045,0,0,0
0,up_proj,2046,0,0,0
0,up_proj,2047,0,0,0
