shape_name,M,N,K,group_size,effective_group_size,num_scale_groups,median_ms,best_ms,tflops,speedup_vs_first_group
olmoe_gate_up,1,1024,2048,1,1,1024,0.111546,0.109278,0.037602,1.000000
olmoe_gate_up,1,1024,2048,16,16,64,0.113535,0.112912,0.036943,0.982481
olmoe_gate_up,1,1024,2048,32,32,32,0.112833,0.112814,0.037173,0.988594
olmoe_gate_up,1,1024,2048,64,64,16,0.110485,0.109394,0.037963,1.009603
olmoe_gate_up,1,1024,2048,128,128,8,0.112829,0.112459,0.037174,0.988629
olmoe_gate_up,1,1024,2048,256,256,4,0.110652,0.105477,0.037905,1.008079
olmoe_gate_up,1,1024,2048,512,512,2,0.114530,0.113212,0.036622,0.973946
olmoe_gate_up,1,1024,2048,1024,1024,1,0.113489,0.112838,0.036958,0.982879
olmoe_gate_up,1,1024,2048,2048,1024,1,0.110688,0.107176,0.037893,1.007752
olmoe_gate_up,4,1024,2048,1,1,1024,0.111776,0.111357,0.150097,1.000000
olmoe_gate_up,4,1024,2048,16,16,64,0.112653,0.110053,0.148928,0.992215
olmoe_gate_up,4,1024,2048,32,32,32,0.112907,0.112788,0.148593,0.989983
olmoe_gate_up,4,1024,2048,64,64,16,0.112502,0.112233,0.149129,0.993547
olmoe_gate_up,4,1024,2048,128,128,8,0.112583,0.112369,0.149021,0.992832
olmoe_gate_up,4,1024,2048,256,256,4,0.113291,0.112830,0.148090,0.986627
olmoe_gate_up,4,1024,2048,512,512,2,0.110356,0.109222,0.152029,1.012867
olmoe_gate_up,4,1024,2048,1024,1024,1,0.111187,0.109754,0.150892,1.005297
olmoe_gate_up,4,1024,2048,2048,1024,1,0.109948,0.108884,0.152592,1.016626
olmoe_gate_up,8,1024,2048,1,1,1024,0.112299,0.109324,0.298797,1.000000
olmoe_gate_up,8,1024,2048,16,16,64,0.119603,0.110909,0.280549,0.938931
olmoe_gate_up,8,1024,2048,32,32,32,0.111030,0.109159,0.302209,1.011429
olmoe_gate_up,8,1024,2048,64,64,16,0.118099,0.110803,0.284122,0.950889
olmoe_gate_up,8,1024,2048,128,128,8,0.111110,0.110194,0.301992,1.010701
olmoe_gate_up,8,1024,2048,256,256,4,0.111761,0.110465,0.300235,1.004814
olmoe_gate_up,8,1024,2048,512,512,2,0.111042,0.110970,0.302177,1.011320
olmoe_gate_up,8,1024,2048,1024,1024,1,0.111580,0.110667,0.300720,1.006444
olmoe_gate_up,8,1024,2048,2048,1024,1,0.110189,0.109277,0.304516,1.019149
olmoe_gate_up,16,1024,2048,1,1,1024,0.135350,0.109551,0.495819,1.000000
olmoe_gate_up,16,1024,2048,16,16,64,0.110489,0.109257,0.607381,1.225009
olmoe_gate_up,16,1024,2048,32,32,32,0.158229,0.109873,0.424125,0.855406
olmoe_gate_up,16,1024,2048,64,64,16,0.111336,0.111243,0.602762,1.215689
olmoe_gate_up,16,1024,2048,128,128,8,0.110993,0.110556,0.604622,1.219446
olmoe_gate_up,16,1024,2048,256,256,4,0.111575,0.110594,0.601470,1.213085
olmoe_gate_up,16,1024,2048,512,512,2,0.111260,0.110866,0.603170,1.216520
olmoe_gate_up,16,1024,2048,1024,1024,1,0.111521,0.111079,0.601762,1.213673
olmoe_gate_up,16,1024,2048,2048,1024,1,0.111289,0.110609,0.603016,1.216203
olmoe_gate_up,32,1024,2048,1,1,1024,0.110007,0.108302,1.220080,1.000000
olmoe_gate_up,32,1024,2048,16,16,64,0.110135,0.108912,1.218669,0.998838
olmoe_gate_up,32,1024,2048,32,32,32,0.111356,0.111173,1.205301,0.987886
olmoe_gate_up,32,1024,2048,64,64,16,0.110686,0.109594,1.212600,0.993866
olmoe_gate_up,32,1024,2048,128,128,8,0.110882,0.109915,1.210455,0.992109
olmoe_gate_up,32,1024,2048,256,256,4,0.110305,0.109163,1.216786,0.997298
olmoe_gate_up,32,1024,2048,512,512,2,0.111571,0.109777,1.202978,0.985982
olmoe_gate_up,32,1024,2048,1024,1024,1,0.110866,0.110334,1.210626,0.992252
olmoe_gate_up,32,1024,2048,2048,1024,1,0.110877,0.109344,1.210505,0.992153
olmoe_gate_up,64,1024,2048,1,1,1024,0.110063,0.109746,2.438928,1.000000
olmoe_gate_up,64,1024,2048,16,16,64,0.111949,0.111476,2.397828,0.983153
olmoe_gate_up,64,1024,2048,32,32,32,0.111110,0.110786,2.415948,0.990577
olmoe_gate_up,64,1024,2048,64,64,16,0.111112,0.110255,2.415893,0.990559
olmoe_gate_up,64,1024,2048,128,128,8,0.153916,0.111681,1.744035,0.715085
olmoe_gate_up,64,1024,2048,256,256,4,0.111650,0.109995,2.404257,0.985786
olmoe_gate_up,64,1024,2048,512,512,2,0.110778,0.109929,2.423175,0.993546
olmoe_gate_up,64,1024,2048,1024,1024,1,0.167546,0.136271,1.602164,0.656912
olmoe_gate_up,64,1024,2048,2048,1024,1,0.111168,0.110686,2.414690,0.990060
olmoe_down,1,2048,1024,1,1,2048,0.078377,0.073023,0.053515,1.000000
olmoe_down,1,2048,1024,16,16,128,0.079980,0.079176,0.052442,0.979957
olmoe_down,1,2048,1024,32,32,64,0.077888,0.077159,0.053850,1.006278
olmoe_down,1,2048,1024,64,64,32,0.078552,0.078252,0.053395,0.997772
olmoe_down,1,2048,1024,128,128,16,0.081865,0.078094,0.051234,0.957393
olmoe_down,1,2048,1024,256,256,8,0.098882,0.069411,0.042417,0.792632
olmoe_down,1,2048,1024,512,512,4,0.096900,0.078456,0.043285,0.808844
olmoe_down,1,2048,1024,1024,1024,2,0.088591,0.078299,0.047345,0.884706
olmoe_down,1,2048,1024,2048,2048,1,0.077996,0.077013,0.053776,1.004885
olmoe_down,4,2048,1024,1,1,2048,0.078303,0.077603,0.214261,1.000000
olmoe_down,4,2048,1024,16,16,128,0.077625,0.077086,0.216132,1.008734
olmoe_down,4,2048,1024,32,32,64,0.078988,0.078562,0.212402,0.991328
olmoe_down,4,2048,1024,64,64,32,0.077469,0.076883,0.216566,1.010766
olmoe_down,4,2048,1024,128,128,16,0.082385,0.081646,0.203644,0.950452
olmoe_down,4,2048,1024,256,256,8,0.079054,0.077022,0.212225,0.990500
olmoe_down,4,2048,1024,512,512,4,0.077925,0.077226,0.215299,1.004851
olmoe_down,4,2048,1024,1024,1024,2,0.083053,0.077478,0.202006,0.942808
olmoe_down,4,2048,1024,2048,2048,1,0.087267,0.068382,0.192251,0.897281
olmoe_down,8,2048,1024,1,1,2048,0.107953,0.079454,0.310825,1.000000
olmoe_down,8,2048,1024,16,16,128,0.078355,0.075934,0.428238,1.377742
olmoe_down,8,2048,1024,32,32,64,0.077880,0.074236,0.430848,1.386145
olmoe_down,8,2048,1024,64,64,32,0.079509,0.078763,0.422021,1.357746
olmoe_down,8,2048,1024,128,128,16,0.078727,0.077107,0.426214,1.371232
olmoe_down,8,2048,1024,256,256,8,0.078043,0.077418,0.429950,1.383250
olmoe_down,8,2048,1024,512,512,4,0.079017,0.078106,0.424650,1.366200
olmoe_down,8,2048,1024,1024,1024,2,0.081304,0.080344,0.412703,1.327770
olmoe_down,8,2048,1024,2048,2048,1,0.078391,0.078003,0.428037,1.377110
olmoe_down,16,2048,1024,1,1,2048,0.078222,0.070964,0.857927,1.000000
olmoe_down,16,2048,1024,16,16,128,0.080438,0.079901,0.834297,0.972451
olmoe_down,16,2048,1024,32,32,64,0.100524,0.078573,0.667593,0.778143
olmoe_down,16,2048,1024,64,64,32,0.078646,0.077495,0.853300,0.994609
olmoe_down,16,2048,1024,128,128,16,0.083145,0.077697,0.807134,0.940790
olmoe_down,16,2048,1024,256,256,8,0.079110,0.078019,0.848297,0.988775
olmoe_down,16,2048,1024,512,512,4,0.090650,0.080832,0.740311,0.862901
olmoe_down,16,2048,1024,1024,1024,2,0.079269,0.078124,0.846595,0.986792
olmoe_down,16,2048,1024,2048,2048,1,0.084678,0.078374,0.792522,0.923758
olmoe_down,32,2048,1024,1,1,2048,0.088939,0.077684,1.509098,1.000000
olmoe_down,32,2048,1024,16,16,128,0.079042,0.078184,1.698058,1.125212
olmoe_down,32,2048,1024,32,32,64,0.080385,0.069366,1.669677,1.106413
olmoe_down,32,2048,1024,64,64,32,0.078628,0.077657,1.707004,1.131136
olmoe_down,32,2048,1024,128,128,16,0.078610,0.077927,1.707389,1.131395
olmoe_down,32,2048,1024,256,256,8,0.080649,0.076664,1.664215,1.102791
olmoe_down,32,2048,1024,512,512,4,0.077955,0.077732,1.721729,1.140902
olmoe_down,32,2048,1024,1024,1024,2,0.079145,0.077936,1.695837,1.123748
olmoe_down,32,2048,1024,2048,2048,1,0.078319,0.078175,1.713734,1.135599
olmoe_down,64,2048,1024,1,1,2048,0.102360,0.100280,2.622460,1.000000
olmoe_down,64,2048,1024,16,16,128,0.101652,0.100470,2.640742,1.006965
olmoe_down,64,2048,1024,32,32,64,0.101648,0.100140,2.640821,1.007005
olmoe_down,64,2048,1024,64,64,32,0.101433,0.100258,2.646432,1.009139
olmoe_down,64,2048,1024,128,128,16,0.147557,0.091260,1.819199,0.693698
olmoe_down,64,2048,1024,256,256,8,0.091264,0.091220,2.941318,1.121581
olmoe_down,64,2048,1024,512,512,4,0.091252,0.091239,2.941678,1.121729
olmoe_down,64,2048,1024,1024,1024,2,0.091239,0.091227,2.942112,1.121889
olmoe_down,64,2048,1024,2048,2048,1,0.091237,0.091225,2.942179,1.121913
